PRAGMA foreign_keys=OFF;
BEGIN TRANSACTION;
CREATE TABLE "django_migrations" ("id" integer NOT NULL PRIMARY KEY AUTOINCREMENT, "app" varchar(255) NOT NULL, "name" varchar(255) NOT NULL, "applied" datetime NOT NULL);
INSERT INTO "django_migrations" VALUES(1,'contenttypes','0001_initial','2016-02-20 15:40:39.842189');
INSERT INTO "django_migrations" VALUES(2,'auth','0001_initial','2016-02-20 15:40:40.103405');
INSERT INTO "django_migrations" VALUES(3,'admin','0001_initial','2016-02-20 15:40:40.372809');
INSERT INTO "django_migrations" VALUES(4,'admin','0002_logentry_remove_auto_add','2016-02-20 15:40:40.641132');
INSERT INTO "django_migrations" VALUES(5,'contenttypes','0002_remove_content_type_name','2016-02-20 15:40:40.920117');
INSERT INTO "django_migrations" VALUES(6,'auth','0002_alter_permission_name_max_length','2016-02-20 15:40:41.188982');
INSERT INTO "django_migrations" VALUES(7,'auth','0003_alter_user_email_max_length','2016-02-20 15:40:41.458015');
INSERT INTO "django_migrations" VALUES(8,'auth','0004_alter_user_username_opts','2016-02-20 15:40:41.709632');
INSERT INTO "django_migrations" VALUES(9,'auth','0005_alter_user_last_login_null','2016-02-20 15:40:41.954446');
INSERT INTO "django_migrations" VALUES(10,'auth','0006_require_contenttypes_0002','2016-02-20 15:40:42.064230');
INSERT INTO "django_migrations" VALUES(11,'auth','0007_alter_validators_add_error_messages','2016-02-20 15:40:42.315834');
INSERT INTO "django_migrations" VALUES(12,'auth','0008_alter_user_username_max_length','2016-02-20 15:40:42.551050');
INSERT INTO "django_migrations" VALUES(13,'sessions','0001_initial','2016-02-20 15:40:42.752988');
INSERT INTO "django_migrations" VALUES(14,'farmacias','0001_initial','2016-04-08 00:31:42.729480');
INSERT INTO "django_migrations" VALUES(15,'farmacias','0002_auto_20160416_0107','2016-04-16 01:07:48.955308');
CREATE TABLE "auth_group" ("id" integer NOT NULL PRIMARY KEY AUTOINCREMENT, "name" varchar(80) NOT NULL UNIQUE);
CREATE TABLE "auth_group_permissions" ("id" integer NOT NULL PRIMARY KEY AUTOINCREMENT, "group_id" integer NOT NULL REFERENCES "auth_group" ("id"), "permission_id" integer NOT NULL REFERENCES "auth_permission" ("id"));
CREATE TABLE "auth_user_groups" ("id" integer NOT NULL PRIMARY KEY AUTOINCREMENT, "user_id" integer NOT NULL REFERENCES "auth_user" ("id"), "group_id" integer NOT NULL REFERENCES "auth_group" ("id"));
CREATE TABLE "auth_user_user_permissions" ("id" integer NOT NULL PRIMARY KEY AUTOINCREMENT, "user_id" integer NOT NULL REFERENCES "auth_user" ("id"), "permission_id" integer NOT NULL REFERENCES "auth_permission" ("id"));
CREATE TABLE "django_admin_log" ("id" integer NOT NULL PRIMARY KEY AUTOINCREMENT, "object_id" text NULL, "object_repr" varchar(200) NOT NULL, "action_flag" smallint unsigned NOT NULL, "change_message" text NOT NULL, "content_type_id" integer NULL REFERENCES "django_content_type" ("id"), "user_id" integer NOT NULL REFERENCES "auth_user" ("id"), "action_time" datetime NOT NULL);
INSERT INTO "django_admin_log" VALUES(1,'1','Shift object',1,'[{"added": {}}]',8,1,'2016-04-08 04:44:05.414277');
INSERT INTO "django_admin_log" VALUES(2,'41','la terminal',2,'[{"changed": {"fields": ["address"]}}]',7,1,'2016-04-10 02:20:43.893876');
INSERT INTO "django_admin_log" VALUES(3,'14','ballofet 2',2,'[{"changed": {"fields": ["name"]}}]',7,1,'2016-04-10 02:22:05.910394');
INSERT INTO "django_admin_log" VALUES(4,'12','avenida',2,'[{"changed": {"fields": ["address"]}}]',7,1,'2016-04-16 05:42:45.402683');
INSERT INTO "django_admin_log" VALUES(5,'12','avenida',2,'[{"changed": {"fields": ["lat", "lng"]}}]',7,1,'2016-04-16 05:44:05.336195');
INSERT INTO "django_admin_log" VALUES(6,'12','avenida',2,'[{"changed": {"fields": ["lat", "lng"]}}]',7,1,'2016-04-16 05:44:52.723235');
INSERT INTO "django_admin_log" VALUES(7,'2','2016-04-20',3,'',8,1,'2016-04-20 00:53:31.355769');
INSERT INTO "django_admin_log" VALUES(8,'4','2016-04-02',3,'',8,1,'2016-04-20 01:59:54.345874');
INSERT INTO "django_admin_log" VALUES(9,'3','2016-04-02',3,'',8,1,'2016-04-20 01:59:54.560257');
INSERT INTO "django_admin_log" VALUES(10,'1','2016-04-08',3,'',8,1,'2016-04-20 01:59:54.683336');
INSERT INTO "django_admin_log" VALUES(11,'247','2017-03-31',3,'',8,1,'2016-04-20 02:04:11.888891');
INSERT INTO "django_admin_log" VALUES(12,'246','2017-03-29',3,'',8,1,'2016-04-20 02:04:12.095401');
INSERT INTO "django_admin_log" VALUES(13,'245','2017-03-27',3,'',8,1,'2016-04-20 02:04:12.231136');
INSERT INTO "django_admin_log" VALUES(14,'244','2017-03-25',3,'',8,1,'2016-04-20 02:04:12.365081');
INSERT INTO "django_admin_log" VALUES(15,'243','2017-03-24',3,'',8,1,'2016-04-20 02:04:12.476492');
INSERT INTO "django_admin_log" VALUES(16,'242','2017-03-20',3,'',8,1,'2016-04-20 02:04:12.577593');
INSERT INTO "django_admin_log" VALUES(17,'241','2017-03-19',3,'',8,1,'2016-04-20 02:04:12.722626');
INSERT INTO "django_admin_log" VALUES(18,'240','2017-03-18',3,'',8,1,'2016-04-20 02:04:12.856581');
INSERT INTO "django_admin_log" VALUES(19,'239','2017-03-16',3,'',8,1,'2016-04-20 02:04:13.001692');
INSERT INTO "django_admin_log" VALUES(20,'238','2017-03-15',3,'',8,1,'2016-04-20 02:04:13.135640');
INSERT INTO "django_admin_log" VALUES(21,'237','2017-03-14',3,'',8,1,'2016-04-20 02:04:13.291985');
INSERT INTO "django_admin_log" VALUES(22,'236','2017-03-13',3,'',8,1,'2016-04-20 02:04:13.527024');
INSERT INTO "django_admin_log" VALUES(23,'235','2017-03-12',3,'',8,1,'2016-04-20 02:04:13.738639');
INSERT INTO "django_admin_log" VALUES(24,'234','2017-03-11',3,'',8,1,'2016-04-20 02:04:13.851984');
INSERT INTO "django_admin_log" VALUES(25,'233','2017-03-09',3,'',8,1,'2016-04-20 02:04:13.986074');
INSERT INTO "django_admin_log" VALUES(26,'232','2017-03-07',3,'',8,1,'2016-04-20 02:04:14.119907');
INSERT INTO "django_admin_log" VALUES(27,'231','2017-03-05',3,'',8,1,'2016-04-20 02:04:14.265024');
INSERT INTO "django_admin_log" VALUES(28,'230','2017-03-04',3,'',8,1,'2016-04-20 02:04:14.399128');
INSERT INTO "django_admin_log" VALUES(29,'229','2017-03-03',3,'',8,1,'2016-04-20 02:04:14.544452');
INSERT INTO "django_admin_log" VALUES(30,'228','2017-02-28',3,'',8,1,'2016-04-20 02:04:14.667305');
INSERT INTO "django_admin_log" VALUES(31,'227','2017-02-27',3,'',8,1,'2016-04-20 02:04:14.789983');
INSERT INTO "django_admin_log" VALUES(32,'226','2017-02-26',3,'',8,1,'2016-04-20 02:04:14.912846');
INSERT INTO "django_admin_log" VALUES(33,'225','2017-02-24',3,'',8,1,'2016-04-20 02:04:15.035837');
INSERT INTO "django_admin_log" VALUES(34,'224','2017-02-23',3,'',8,1,'2016-04-20 02:04:15.158640');
INSERT INTO "django_admin_log" VALUES(35,'223','2017-02-22',3,'',8,1,'2016-04-20 02:04:15.281413');
INSERT INTO "django_admin_log" VALUES(36,'222','2017-02-21',3,'',8,1,'2016-04-20 02:04:15.426503');
INSERT INTO "django_admin_log" VALUES(37,'221','2017-02-20',3,'',8,1,'2016-04-20 02:04:15.560125');
INSERT INTO "django_admin_log" VALUES(38,'220','2017-02-19',3,'',8,1,'2016-04-20 02:04:15.696414');
INSERT INTO "django_admin_log" VALUES(39,'219','2017-02-17',3,'',8,1,'2016-04-20 02:04:15.830371');
INSERT INTO "django_admin_log" VALUES(40,'218','2017-02-15',3,'',8,1,'2016-04-20 02:04:15.964201');
INSERT INTO "django_admin_log" VALUES(41,'217','2017-02-13',3,'',8,1,'2016-04-20 02:04:16.098092');
INSERT INTO "django_admin_log" VALUES(42,'216','2017-02-12',3,'',8,1,'2016-04-20 02:04:16.232194');
INSERT INTO "django_admin_log" VALUES(43,'215','2017-02-11',3,'',8,1,'2016-04-20 02:04:16.377153');
INSERT INTO "django_admin_log" VALUES(44,'214','2017-02-08',3,'',8,1,'2016-04-20 02:04:16.589329');
INSERT INTO "django_admin_log" VALUES(45,'213','2017-02-07',3,'',8,1,'2016-04-20 02:04:16.789905');
INSERT INTO "django_admin_log" VALUES(46,'212','2017-02-06',3,'',8,1,'2016-04-20 02:04:16.912708');
INSERT INTO "django_admin_log" VALUES(47,'211','2017-02-04',3,'',8,1,'2016-04-20 02:04:17.035639');
INSERT INTO "django_admin_log" VALUES(48,'210','2017-02-03',3,'',8,1,'2016-04-20 02:04:17.158287');
INSERT INTO "django_admin_log" VALUES(49,'209','2017-02-02',3,'',8,1,'2016-04-20 02:04:17.303303');
INSERT INTO "django_admin_log" VALUES(50,'208','2017-02-01',3,'',8,1,'2016-04-20 02:04:17.439278');
INSERT INTO "django_admin_log" VALUES(51,'207','2017-01-31',3,'',8,1,'2016-04-20 02:04:17.562114');
INSERT INTO "django_admin_log" VALUES(52,'206','2017-01-30',3,'',8,1,'2016-04-20 02:04:17.685081');
INSERT INTO "django_admin_log" VALUES(53,'205','2017-01-28',3,'',8,1,'2016-04-20 02:04:17.807953');
INSERT INTO "django_admin_log" VALUES(54,'204','2017-01-26',3,'',8,1,'2016-04-20 02:04:17.930896');
INSERT INTO "django_admin_log" VALUES(55,'203','2017-01-24',3,'',8,1,'2016-04-20 02:04:18.075908');
INSERT INTO "django_admin_log" VALUES(56,'202','2017-01-23',3,'',8,1,'2016-04-20 02:04:18.198786');
INSERT INTO "django_admin_log" VALUES(57,'201','2017-01-22',3,'',8,1,'2016-04-20 02:04:18.343793');
INSERT INTO "django_admin_log" VALUES(58,'200','2017-01-19',3,'',8,1,'2016-04-20 02:04:18.488821');
INSERT INTO "django_admin_log" VALUES(59,'199','2017-01-18',3,'',8,1,'2016-04-20 02:04:18.633637');
INSERT INTO "django_admin_log" VALUES(60,'198','2017-01-17',3,'',8,1,'2016-04-20 02:04:18.778609');
INSERT INTO "django_admin_log" VALUES(61,'197','2017-01-15',3,'',8,1,'2016-04-20 02:04:18.923546');
INSERT INTO "django_admin_log" VALUES(62,'196','2017-01-14',3,'',8,1,'2016-04-20 02:04:19.069338');
INSERT INTO "django_admin_log" VALUES(63,'195','2017-01-13',3,'',8,1,'2016-04-20 02:04:19.213847');
INSERT INTO "django_admin_log" VALUES(64,'194','2017-01-12',3,'',8,1,'2016-04-20 02:04:19.349834');
INSERT INTO "django_admin_log" VALUES(65,'193','2017-01-11',3,'',8,1,'2016-04-20 02:04:19.483705');
INSERT INTO "django_admin_log" VALUES(66,'192','2017-01-10',3,'',8,1,'2016-04-20 02:04:19.617664');
INSERT INTO "django_admin_log" VALUES(67,'191','2017-01-08',3,'',8,1,'2016-04-20 02:04:19.740729');
INSERT INTO "django_admin_log" VALUES(68,'190','2017-01-06',3,'',8,1,'2016-04-20 02:04:19.863387');
INSERT INTO "django_admin_log" VALUES(69,'189','2017-01-04',3,'',8,1,'2016-04-20 02:04:19.986223');
INSERT INTO "django_admin_log" VALUES(70,'188','2017-01-03',3,'',8,1,'2016-04-20 02:04:20.131056');
INSERT INTO "django_admin_log" VALUES(71,'187','2017-01-02',3,'',8,1,'2016-04-20 02:04:20.264898');
INSERT INTO "django_admin_log" VALUES(72,'186','2016-12-29',3,'',8,1,'2016-04-20 02:04:20.409924');
INSERT INTO "django_admin_log" VALUES(73,'185','2016-12-28',3,'',8,1,'2016-04-20 02:04:20.566270');
INSERT INTO "django_admin_log" VALUES(74,'184','2016-12-26',3,'',8,1,'2016-04-20 02:04:20.700510');
INSERT INTO "django_admin_log" VALUES(75,'183','2016-12-25',3,'',8,1,'2016-04-20 02:04:20.845524');
INSERT INTO "django_admin_log" VALUES(76,'182','2016-12-24',3,'',8,1,'2016-04-20 02:04:20.968520');
INSERT INTO "django_admin_log" VALUES(77,'181','2016-12-23',3,'',8,1,'2016-04-20 02:04:21.102256');
INSERT INTO "django_admin_log" VALUES(78,'180','2016-12-22',3,'',8,1,'2016-04-20 02:04:21.238013');
INSERT INTO "django_admin_log" VALUES(79,'179','2016-12-21',3,'',8,1,'2016-04-20 02:04:21.383206');
INSERT INTO "django_admin_log" VALUES(80,'178','2016-12-19',3,'',8,1,'2016-04-20 02:04:21.528078');
INSERT INTO "django_admin_log" VALUES(81,'177','2016-12-17',3,'',8,1,'2016-04-20 02:04:21.673128');
INSERT INTO "django_admin_log" VALUES(82,'176','2016-12-15',3,'',8,1,'2016-04-20 02:04:21.807063');
INSERT INTO "django_admin_log" VALUES(83,'175','2016-12-14',3,'',8,1,'2016-04-20 02:04:21.930325');
INSERT INTO "django_admin_log" VALUES(84,'174','2016-12-13',3,'',8,1,'2016-04-20 02:04:22.052633');
INSERT INTO "django_admin_log" VALUES(85,'173','2016-12-09',3,'',8,1,'2016-04-20 02:04:22.219879');
INSERT INTO "django_admin_log" VALUES(86,'172','2016-12-08',3,'',8,1,'2016-04-20 02:04:22.365031');
INSERT INTO "django_admin_log" VALUES(87,'171','2016-12-06',3,'',8,1,'2016-04-20 02:04:22.487915');
INSERT INTO "django_admin_log" VALUES(88,'170','2016-12-05',3,'',8,1,'2016-04-20 02:04:22.610706');
INSERT INTO "django_admin_log" VALUES(89,'169','2016-12-04',3,'',8,1,'2016-04-20 02:04:22.733833');
INSERT INTO "django_admin_log" VALUES(90,'168','2016-12-03',3,'',8,1,'2016-04-20 02:04:22.856614');
INSERT INTO "django_admin_log" VALUES(91,'167','2016-12-02',3,'',8,1,'2016-04-20 02:04:23.003450');
INSERT INTO "django_admin_log" VALUES(92,'166','2016-12-01',3,'',8,1,'2016-04-20 02:04:23.126441');
INSERT INTO "django_admin_log" VALUES(93,'165','2016-11-29',3,'',8,1,'2016-04-20 02:04:23.249601');
INSERT INTO "django_admin_log" VALUES(94,'164','2016-11-27',3,'',8,1,'2016-04-20 02:04:23.394792');
INSERT INTO "django_admin_log" VALUES(95,'163','2016-11-25',3,'',8,1,'2016-04-20 02:04:23.572887');
INSERT INTO "django_admin_log" VALUES(96,'162','2016-11-24',3,'',8,1,'2016-04-20 02:04:23.717923');
INSERT INTO "django_admin_log" VALUES(97,'161','2016-11-23',3,'',8,1,'2016-04-20 02:04:23.851955');
INSERT INTO "django_admin_log" VALUES(98,'160','2016-11-19',3,'',8,1,'2016-04-20 02:04:23.997009');
INSERT INTO "django_admin_log" VALUES(99,'159','2016-11-18',3,'',8,1,'2016-04-20 02:04:24.120031');
INSERT INTO "django_admin_log" VALUES(100,'158','2016-11-16',3,'',8,1,'2016-04-20 02:04:24.242858');
INSERT INTO "django_admin_log" VALUES(101,'157','2016-11-15',3,'',8,1,'2016-04-20 02:04:24.376665');
INSERT INTO "django_admin_log" VALUES(102,'156','2016-11-14',3,'',8,1,'2016-04-20 02:04:24.499605');
INSERT INTO "django_admin_log" VALUES(103,'155','2016-11-13',3,'',8,1,'2016-04-20 02:04:24.644636');
INSERT INTO "django_admin_log" VALUES(104,'154','2016-11-12',3,'',8,1,'2016-04-20 02:04:24.810449');
INSERT INTO "django_admin_log" VALUES(105,'153','2016-11-11',3,'',8,1,'2016-04-20 02:04:25.004794');
INSERT INTO "django_admin_log" VALUES(106,'152','2016-11-09',3,'',8,1,'2016-04-20 02:04:25.160931');
INSERT INTO "django_admin_log" VALUES(107,'151','2016-11-07',3,'',8,1,'2016-04-20 02:04:25.283945');
INSERT INTO "django_admin_log" VALUES(108,'150','2016-11-05',3,'',8,1,'2016-04-20 02:04:25.406774');
INSERT INTO "django_admin_log" VALUES(109,'149','2016-11-04',3,'',8,1,'2016-04-20 02:04:25.551862');
INSERT INTO "django_admin_log" VALUES(110,'148','2016-11-03',3,'',8,1,'2016-04-20 02:04:25.674765');
INSERT INTO "django_admin_log" VALUES(111,'147','2016-10-30',3,'',8,1,'2016-04-20 02:17:33.093240');
INSERT INTO "django_admin_log" VALUES(112,'146','2016-10-29',3,'',8,1,'2016-04-20 02:17:33.278674');
INSERT INTO "django_admin_log" VALUES(113,'145','2016-10-28',3,'',8,1,'2016-04-20 02:17:33.412644');
INSERT INTO "django_admin_log" VALUES(114,'144','2016-10-27',3,'',8,1,'2016-04-20 02:17:33.535478');
INSERT INTO "django_admin_log" VALUES(115,'143','2016-10-26',3,'',8,1,'2016-04-20 02:17:33.680466');
INSERT INTO "django_admin_log" VALUES(116,'142','2016-10-25',3,'',8,1,'2016-04-20 02:17:33.825378');
INSERT INTO "django_admin_log" VALUES(117,'141','2016-10-24',3,'',8,1,'2016-04-20 02:17:33.970525');
INSERT INTO "django_admin_log" VALUES(118,'140','2016-10-23',3,'',8,1,'2016-04-20 02:17:34.093230');
INSERT INTO "django_admin_log" VALUES(119,'139','2016-10-22',3,'',8,1,'2016-04-20 02:17:34.205096');
INSERT INTO "django_admin_log" VALUES(120,'138','2016-10-20',3,'',8,1,'2016-04-20 02:17:34.339426');
INSERT INTO "django_admin_log" VALUES(121,'137','2016-10-18',3,'',8,1,'2016-04-20 02:17:34.473221');
INSERT INTO "django_admin_log" VALUES(122,'136','2016-10-16',3,'',8,1,'2016-04-20 02:17:34.607229');
INSERT INTO "django_admin_log" VALUES(123,'135','2016-10-15',3,'',8,1,'2016-04-20 02:17:34.730021');
INSERT INTO "django_admin_log" VALUES(124,'134','2016-10-14',3,'',8,1,'2016-04-20 02:17:34.875614');
INSERT INTO "django_admin_log" VALUES(125,'133','2016-10-10',3,'',8,1,'2016-04-20 02:17:35.033060');
INSERT INTO "django_admin_log" VALUES(126,'132','2016-10-09',3,'',8,1,'2016-04-20 02:17:35.155949');
INSERT INTO "django_admin_log" VALUES(127,'131','2016-10-08',3,'',8,1,'2016-04-20 02:17:35.278689');
INSERT INTO "django_admin_log" VALUES(128,'130','2016-10-06',3,'',8,1,'2016-04-20 02:17:35.412747');
INSERT INTO "django_admin_log" VALUES(129,'129','2016-10-05',3,'',8,1,'2016-04-20 02:17:35.579803');
INSERT INTO "django_admin_log" VALUES(130,'128','2016-10-04',3,'',8,1,'2016-04-20 02:17:35.713640');
INSERT INTO "django_admin_log" VALUES(131,'127','2016-10-03',3,'',8,1,'2016-04-20 02:17:35.836459');
INSERT INTO "django_admin_log" VALUES(132,'126','2016-10-02',3,'',8,1,'2016-04-20 02:17:35.970908');
INSERT INTO "django_admin_log" VALUES(133,'125','2016-09-30',3,'',8,1,'2016-04-20 02:17:36.104331');
INSERT INTO "django_admin_log" VALUES(134,'124','2016-09-28',3,'',8,1,'2016-04-20 02:17:36.260863');
INSERT INTO "django_admin_log" VALUES(135,'123','2016-09-26',3,'',8,1,'2016-04-20 02:17:36.417067');
INSERT INTO "django_admin_log" VALUES(136,'122','2016-09-25',3,'',8,1,'2016-04-20 02:17:36.629505');
INSERT INTO "django_admin_log" VALUES(137,'121','2016-09-24',3,'',8,1,'2016-04-20 02:17:36.752328');
INSERT INTO "django_admin_log" VALUES(138,'120','2016-09-20',3,'',8,1,'2016-04-20 02:17:36.888136');
INSERT INTO "django_admin_log" VALUES(139,'119','2016-09-19',3,'',8,1,'2016-04-20 02:17:37.056339');
INSERT INTO "django_admin_log" VALUES(140,'118','2016-09-18',3,'',8,1,'2016-04-20 02:17:37.211488');
INSERT INTO "django_admin_log" VALUES(141,'117','2016-09-16',3,'',8,1,'2016-04-20 02:17:37.402072');
INSERT INTO "django_admin_log" VALUES(142,'116','2016-09-15',3,'',8,1,'2016-04-20 02:17:37.547139');
INSERT INTO "django_admin_log" VALUES(143,'115','2016-09-14',3,'',8,1,'2016-04-20 02:17:37.692155');
INSERT INTO "django_admin_log" VALUES(144,'114','2016-09-13',3,'',8,1,'2016-04-20 02:17:37.837229');
INSERT INTO "django_admin_log" VALUES(145,'113','2016-09-12',3,'',8,1,'2016-04-20 02:17:37.993337');
INSERT INTO "django_admin_log" VALUES(146,'112','2016-09-10',3,'',8,1,'2016-04-20 02:17:38.116305');
INSERT INTO "django_admin_log" VALUES(147,'111','2016-09-08',3,'',8,1,'2016-04-20 02:17:38.283409');
INSERT INTO "django_admin_log" VALUES(148,'110','2016-09-06',3,'',8,1,'2016-04-20 02:17:38.417753');
INSERT INTO "django_admin_log" VALUES(149,'109','2016-09-05',3,'',8,1,'2016-04-20 02:17:38.553331');
INSERT INTO "django_admin_log" VALUES(150,'108','2016-09-04',3,'',8,1,'2016-04-20 02:17:38.699068');
INSERT INTO "django_admin_log" VALUES(151,'107','2016-08-31',3,'',8,1,'2016-04-20 02:17:38.867130');
INSERT INTO "django_admin_log" VALUES(152,'106','2016-08-30',3,'',8,1,'2016-04-20 02:17:38.989870');
INSERT INTO "django_admin_log" VALUES(153,'105','2016-08-29',3,'',8,1,'2016-04-20 02:17:39.112946');
INSERT INTO "django_admin_log" VALUES(154,'104','2016-08-27',3,'',8,1,'2016-04-20 02:17:39.269378');
INSERT INTO "django_admin_log" VALUES(155,'103','2016-08-26',3,'',8,1,'2016-04-20 02:17:39.414617');
INSERT INTO "django_admin_log" VALUES(156,'102','2016-08-25',3,'',8,1,'2016-04-20 02:17:39.640457');
INSERT INTO "django_admin_log" VALUES(157,'101','2016-08-24',3,'',8,1,'2016-04-20 02:17:39.873828');
INSERT INTO "django_admin_log" VALUES(158,'100','2016-08-23',3,'',8,1,'2016-04-20 02:17:40.009336');
INSERT INTO "django_admin_log" VALUES(159,'99','2016-08-21',3,'',8,1,'2016-04-20 02:17:40.132172');
INSERT INTO "django_admin_log" VALUES(160,'98','2016-08-19',3,'',8,1,'2016-04-20 02:17:40.255361');
INSERT INTO "django_admin_log" VALUES(161,'97','2016-08-17',3,'',8,1,'2016-04-20 02:17:40.378221');
INSERT INTO "django_admin_log" VALUES(162,'96','2016-08-16',3,'',8,1,'2016-04-20 02:17:40.501016');
INSERT INTO "django_admin_log" VALUES(163,'95','2016-08-15',3,'',8,1,'2016-04-20 02:17:40.635200');
INSERT INTO "django_admin_log" VALUES(164,'94','2016-08-11',3,'',8,1,'2016-04-20 02:17:40.835618');
INSERT INTO "django_admin_log" VALUES(165,'93','2016-08-10',3,'',8,1,'2016-04-20 02:17:41.159728');
INSERT INTO "django_admin_log" VALUES(166,'92','2016-08-09',3,'',8,1,'2016-04-20 02:17:41.271578');
INSERT INTO "django_admin_log" VALUES(167,'91','2016-08-07',3,'',8,1,'2016-04-20 02:17:41.416602');
INSERT INTO "django_admin_log" VALUES(168,'90','2016-08-06',3,'',8,1,'2016-04-20 02:17:41.642027');
INSERT INTO "django_admin_log" VALUES(169,'89','2016-08-05',3,'',8,1,'2016-04-20 02:17:41.820990');
INSERT INTO "django_admin_log" VALUES(170,'88','2016-08-04',3,'',8,1,'2016-04-20 02:17:41.966946');
INSERT INTO "django_admin_log" VALUES(171,'87','2016-08-03',3,'',8,1,'2016-04-20 02:17:42.111066');
INSERT INTO "django_admin_log" VALUES(172,'86','2016-08-01',3,'',8,1,'2016-04-20 02:17:42.222960');
INSERT INTO "django_admin_log" VALUES(173,'85','2016-07-30',3,'',8,1,'2016-04-20 02:17:42.379317');
INSERT INTO "django_admin_log" VALUES(174,'84','2016-07-28',3,'',8,1,'2016-04-20 02:17:42.492092');
INSERT INTO "django_admin_log" VALUES(175,'83','2016-07-27',3,'',8,1,'2016-04-20 02:17:42.625049');
INSERT INTO "django_admin_log" VALUES(176,'82','2016-07-26',3,'',8,1,'2016-04-20 02:17:42.770087');
INSERT INTO "django_admin_log" VALUES(177,'81','2016-07-22',3,'',8,1,'2016-04-20 02:17:42.971384');
INSERT INTO "django_admin_log" VALUES(178,'80','2016-07-21',3,'',8,1,'2016-04-20 02:17:43.116323');
INSERT INTO "django_admin_log" VALUES(179,'79','2016-07-20',3,'',8,1,'2016-04-20 02:17:43.307889');
INSERT INTO "django_admin_log" VALUES(180,'78','2016-07-18',3,'',8,1,'2016-04-20 02:17:43.475824');
INSERT INTO "django_admin_log" VALUES(181,'77','2016-07-17',3,'',8,1,'2016-04-20 02:17:43.778556');
INSERT INTO "django_admin_log" VALUES(182,'76','2016-07-16',3,'',8,1,'2016-04-20 02:17:43.945525');
INSERT INTO "django_admin_log" VALUES(183,'75','2016-07-15',3,'',8,1,'2016-04-20 02:17:44.169769');
INSERT INTO "django_admin_log" VALUES(184,'74','2016-07-14',3,'',8,1,'2016-04-20 02:17:44.315870');
INSERT INTO "django_admin_log" VALUES(185,'73','2016-07-12',3,'',8,1,'2016-04-20 02:17:44.609009');
INSERT INTO "django_admin_log" VALUES(186,'72','2016-07-10',3,'',8,1,'2016-04-20 02:17:44.764606');
INSERT INTO "django_admin_log" VALUES(187,'71','2016-07-08',3,'',8,1,'2016-04-20 02:17:44.921112');
INSERT INTO "django_admin_log" VALUES(188,'70','2016-07-07',3,'',8,1,'2016-04-20 02:17:45.100202');
INSERT INTO "django_admin_log" VALUES(189,'69','2016-07-06',3,'',8,1,'2016-04-20 02:17:45.268264');
INSERT INTO "django_admin_log" VALUES(190,'68','2016-07-02',3,'',8,1,'2016-04-20 02:17:45.413492');
INSERT INTO "django_admin_log" VALUES(191,'67','2016-07-01',3,'',8,1,'2016-04-20 02:17:45.536664');
INSERT INTO "django_admin_log" VALUES(192,'66','2016-06-30',3,'',8,1,'2016-04-20 02:17:45.693328');
INSERT INTO "django_admin_log" VALUES(193,'65','2016-06-28',3,'',8,1,'2016-04-20 02:17:45.872270');
INSERT INTO "django_admin_log" VALUES(194,'64','2016-06-27',3,'',8,1,'2016-04-20 02:17:46.030320');
INSERT INTO "django_admin_log" VALUES(195,'63','2016-06-26',3,'',8,1,'2016-04-20 02:17:46.198399');
INSERT INTO "django_admin_log" VALUES(196,'62','2016-06-25',3,'',8,1,'2016-04-20 02:17:46.377442');
INSERT INTO "django_admin_log" VALUES(197,'61','2016-06-24',3,'',8,1,'2016-04-20 02:17:46.545027');
INSERT INTO "django_admin_log" VALUES(198,'60','2016-06-22',3,'',8,1,'2016-04-20 02:17:46.790559');
INSERT INTO "django_admin_log" VALUES(199,'59','2016-06-20',3,'',8,1,'2016-04-20 02:17:46.935772');
INSERT INTO "django_admin_log" VALUES(200,'58','2016-06-18',3,'',8,1,'2016-04-20 02:17:47.080878');
INSERT INTO "django_admin_log" VALUES(201,'57','2016-06-17',3,'',8,1,'2016-04-20 02:17:47.225861');
INSERT INTO "django_admin_log" VALUES(202,'56','2016-06-16',3,'',8,1,'2016-04-20 02:17:47.337669');
INSERT INTO "django_admin_log" VALUES(203,'55','2016-06-12',3,'',8,1,'2016-04-20 02:17:47.460240');
INSERT INTO "django_admin_log" VALUES(204,'54','2016-06-11',3,'',8,1,'2016-04-20 02:17:47.585374');
INSERT INTO "django_admin_log" VALUES(205,'53','2016-06-10',3,'',8,1,'2016-04-20 02:17:47.708107');
INSERT INTO "django_admin_log" VALUES(206,'52','2016-06-08',3,'',8,1,'2016-04-20 02:17:47.853197');
INSERT INTO "django_admin_log" VALUES(207,'51','2016-06-07',3,'',8,1,'2016-04-20 02:17:47.998216');
INSERT INTO "django_admin_log" VALUES(208,'50','2016-06-06',3,'',8,1,'2016-04-20 02:17:48.132327');
INSERT INTO "django_admin_log" VALUES(209,'49','2016-06-05',3,'',8,1,'2016-04-20 02:17:48.277383');
INSERT INTO "django_admin_log" VALUES(210,'48','2016-06-04',3,'',8,1,'2016-04-20 02:17:48.422316');
INSERT INTO "django_admin_log" VALUES(211,'47','2016-06-03',3,'',8,1,'2016-04-20 02:19:41.750970');
INSERT INTO "django_admin_log" VALUES(212,'46','2016-06-02',3,'',8,1,'2016-04-20 02:19:41.884992');
INSERT INTO "django_admin_log" VALUES(213,'45','2016-05-31',3,'',8,1,'2016-04-20 02:19:42.007493');
INSERT INTO "django_admin_log" VALUES(214,'44','2016-05-29',3,'',8,1,'2016-04-20 02:19:42.141757');
INSERT INTO "django_admin_log" VALUES(215,'43','2016-05-28',3,'',8,1,'2016-04-20 02:19:42.286873');
INSERT INTO "django_admin_log" VALUES(216,'42','2016-05-27',3,'',8,1,'2016-04-20 02:19:42.465762');
INSERT INTO "django_admin_log" VALUES(217,'41','2016-05-23',3,'',8,1,'2016-04-20 02:19:42.622310');
INSERT INTO "django_admin_log" VALUES(218,'40','2016-05-22',3,'',8,1,'2016-04-20 02:19:42.778234');
INSERT INTO "django_admin_log" VALUES(219,'39','2016-05-21',3,'',8,1,'2016-04-20 02:19:42.912147');
INSERT INTO "django_admin_log" VALUES(220,'38','2016-05-19',3,'',8,1,'2016-04-20 02:19:43.068462');
INSERT INTO "django_admin_log" VALUES(221,'37','2016-05-18',3,'',8,1,'2016-04-20 02:19:43.204183');
INSERT INTO "django_admin_log" VALUES(222,'36','2016-05-17',3,'',8,1,'2016-04-20 02:19:43.338218');
INSERT INTO "django_admin_log" VALUES(223,'35','2016-05-16',3,'',8,1,'2016-04-20 02:19:43.471860');
INSERT INTO "django_admin_log" VALUES(224,'34','2016-05-15',3,'',8,1,'2016-04-20 02:19:43.617198');
INSERT INTO "django_admin_log" VALUES(225,'33','2016-05-14',3,'',8,1,'2016-04-20 02:19:43.762151');
INSERT INTO "django_admin_log" VALUES(226,'32','2016-05-11',3,'',8,1,'2016-04-20 02:19:43.884762');
INSERT INTO "django_admin_log" VALUES(227,'31','2016-05-09',3,'',8,1,'2016-04-20 02:19:44.018677');
INSERT INTO "django_admin_log" VALUES(228,'30','2016-05-08',3,'',8,1,'2016-04-20 02:19:44.175115');
INSERT INTO "django_admin_log" VALUES(229,'29','2016-05-07',3,'',8,1,'2016-04-20 02:19:44.353486');
INSERT INTO "django_admin_log" VALUES(230,'28','2016-05-03',3,'',8,1,'2016-04-20 02:19:44.498514');
INSERT INTO "django_admin_log" VALUES(231,'27','2016-05-02',3,'',8,1,'2016-04-20 02:19:44.633132');
INSERT INTO "django_admin_log" VALUES(232,'26','2016-05-01',3,'',8,1,'2016-04-20 02:19:44.777370');
INSERT INTO "django_admin_log" VALUES(233,'25','2016-04-29',3,'',8,1,'2016-04-20 02:19:44.955719');
INSERT INTO "django_admin_log" VALUES(234,'24','2016-04-28',3,'',8,1,'2016-04-20 02:19:45.089755');
INSERT INTO "django_admin_log" VALUES(235,'23','2016-04-27',3,'',8,1,'2016-04-20 02:19:45.247670');
INSERT INTO "django_admin_log" VALUES(236,'22','2016-04-26',3,'',8,1,'2016-04-20 02:19:45.403858');
INSERT INTO "django_admin_log" VALUES(237,'21','2016-04-25',3,'',8,1,'2016-04-20 02:19:45.548838');
INSERT INTO "django_admin_log" VALUES(238,'20','2016-04-24',3,'',8,1,'2016-04-20 02:19:45.704747');
INSERT INTO "django_admin_log" VALUES(239,'19','2016-04-22',3,'',8,1,'2016-04-20 02:19:45.838613');
INSERT INTO "django_admin_log" VALUES(240,'18','2016-04-21',3,'',8,1,'2016-04-20 02:19:45.995113');
INSERT INTO "django_admin_log" VALUES(241,'17','2016-04-19',3,'',8,1,'2016-04-20 02:19:46.139971');
INSERT INTO "django_admin_log" VALUES(242,'16','2016-04-18',3,'',8,1,'2016-04-20 02:19:46.284683');
INSERT INTO "django_admin_log" VALUES(243,'15','2016-04-17',3,'',8,1,'2016-04-20 02:19:46.442085');
INSERT INTO "django_admin_log" VALUES(244,'14','2016-04-13',3,'',8,1,'2016-04-20 02:19:46.686981');
INSERT INTO "django_admin_log" VALUES(245,'13','2016-04-12',3,'',8,1,'2016-04-20 02:19:46.843147');
INSERT INTO "django_admin_log" VALUES(246,'12','2016-04-11',3,'',8,1,'2016-04-20 02:19:47.010247');
INSERT INTO "django_admin_log" VALUES(247,'11','2016-04-09',3,'',8,1,'2016-04-20 02:19:47.179342');
INSERT INTO "django_admin_log" VALUES(248,'10','2016-04-08',3,'',8,1,'2016-04-20 02:19:47.357539');
INSERT INTO "django_admin_log" VALUES(249,'9','2016-04-07',3,'',8,1,'2016-04-20 02:19:47.513566');
INSERT INTO "django_admin_log" VALUES(250,'8','2016-04-06',3,'',8,1,'2016-04-20 02:19:47.670065');
INSERT INTO "django_admin_log" VALUES(251,'7','2016-04-05',3,'',8,1,'2016-04-20 02:19:47.815050');
INSERT INTO "django_admin_log" VALUES(252,'6','2016-04-04',3,'',8,1,'2016-04-20 02:19:47.937965');
INSERT INTO "django_admin_log" VALUES(253,'5','2016-04-02',3,'',8,1,'2016-04-20 02:19:48.083065');
INSERT INTO "django_admin_log" VALUES(254,'78','unimev',1,'[{"added": {}}]',7,1,'2016-04-20 02:43:26.940159');
INSERT INTO "django_admin_log" VALUES(255,'47','marilyn',2,'[{"changed": {"fields": ["name", "address"]}}]',7,1,'2016-04-20 02:45:18.747820');
INSERT INTO "django_admin_log" VALUES(256,'79','santa teresa',1,'[{"added": {}}]',7,1,'2016-04-20 02:49:37.482909');
INSERT INTO "django_admin_log" VALUES(257,'525','2017-03-31',3,'',8,1,'2016-04-20 02:50:04.546660');
INSERT INTO "django_admin_log" VALUES(258,'524','2017-03-30',3,'',8,1,'2016-04-20 02:50:04.725090');
INSERT INTO "django_admin_log" VALUES(259,'523','2017-03-29',3,'',8,1,'2016-04-20 02:50:04.858618');
INSERT INTO "django_admin_log" VALUES(260,'522','2017-03-27',3,'',8,1,'2016-04-20 02:50:05.015275');
INSERT INTO "django_admin_log" VALUES(261,'521','2017-03-25',3,'',8,1,'2016-04-20 02:50:05.162076');
INSERT INTO "django_admin_log" VALUES(262,'520','2017-03-24',3,'',8,1,'2016-04-20 02:50:05.329499');
INSERT INTO "django_admin_log" VALUES(263,'519','2017-03-21',3,'',8,1,'2016-04-20 02:50:05.485378');
INSERT INTO "django_admin_log" VALUES(264,'518','2017-03-20',3,'',8,1,'2016-04-20 02:50:05.630617');
INSERT INTO "django_admin_log" VALUES(265,'517','2017-03-19',3,'',8,1,'2016-04-20 02:50:05.753392');
INSERT INTO "django_admin_log" VALUES(266,'516','2017-03-18',3,'',8,1,'2016-04-20 02:50:05.932020');
INSERT INTO "django_admin_log" VALUES(267,'515','2017-03-16',3,'',8,1,'2016-04-20 02:50:06.066093');
INSERT INTO "django_admin_log" VALUES(268,'514','2017-03-15',3,'',8,1,'2016-04-20 02:50:06.200204');
INSERT INTO "django_admin_log" VALUES(269,'513','2017-03-14',3,'',8,1,'2016-04-20 02:50:06.334111');
INSERT INTO "django_admin_log" VALUES(270,'512','2017-03-13',3,'',8,1,'2016-04-20 02:50:06.490242');
INSERT INTO "django_admin_log" VALUES(271,'511','2017-03-12',3,'',8,1,'2016-04-20 02:50:06.635385');
INSERT INTO "django_admin_log" VALUES(272,'510','2017-03-11',3,'',8,1,'2016-04-20 02:50:06.769427');
INSERT INTO "django_admin_log" VALUES(273,'509','2017-03-10',3,'',8,1,'2016-04-20 02:50:06.947681');
INSERT INTO "django_admin_log" VALUES(274,'508','2017-03-09',3,'',8,1,'2016-04-20 02:50:07.195040');
INSERT INTO "django_admin_log" VALUES(275,'507','2017-03-07',3,'',8,1,'2016-04-20 02:50:07.328641');
INSERT INTO "django_admin_log" VALUES(276,'506','2017-03-05',3,'',8,1,'2016-04-20 02:50:07.462628');
INSERT INTO "django_admin_log" VALUES(277,'505','2017-03-04',3,'',8,1,'2016-04-20 02:50:07.596549');
INSERT INTO "django_admin_log" VALUES(278,'504','2017-03-03',3,'',8,1,'2016-04-20 02:50:07.719716');
INSERT INTO "django_admin_log" VALUES(279,'503','2017-03-01',3,'',8,1,'2016-04-20 02:50:07.842989');
INSERT INTO "django_admin_log" VALUES(280,'502','2017-02-28',3,'',8,1,'2016-04-20 02:50:07.976550');
INSERT INTO "django_admin_log" VALUES(281,'501','2017-02-27',3,'',8,1,'2016-04-20 02:50:08.110575');
INSERT INTO "django_admin_log" VALUES(282,'500','2017-02-26',3,'',8,1,'2016-04-20 02:50:08.245287');
INSERT INTO "django_admin_log" VALUES(283,'499','2017-02-24',3,'',8,1,'2016-04-20 02:50:08.412381');
INSERT INTO "django_admin_log" VALUES(284,'498','2017-02-23',3,'',8,1,'2016-04-20 02:50:08.557664');
INSERT INTO "django_admin_log" VALUES(285,'497','2017-02-22',3,'',8,1,'2016-04-20 02:50:08.701874');
INSERT INTO "django_admin_log" VALUES(286,'496','2017-02-21',3,'',8,1,'2016-04-20 02:50:08.871064');
INSERT INTO "django_admin_log" VALUES(287,'495','2017-02-20',3,'',8,1,'2016-04-20 02:50:08.993692');
INSERT INTO "django_admin_log" VALUES(288,'494','2017-02-19',3,'',8,1,'2016-04-20 02:50:09.116859');
INSERT INTO "django_admin_log" VALUES(289,'493','2017-02-18',3,'',8,1,'2016-04-20 02:50:09.239788');
INSERT INTO "django_admin_log" VALUES(290,'492','2017-02-17',3,'',8,1,'2016-04-20 02:50:09.376107');
INSERT INTO "django_admin_log" VALUES(291,'491','2017-02-15',3,'',8,1,'2016-04-20 02:50:09.541951');
INSERT INTO "django_admin_log" VALUES(292,'490','2017-02-13',3,'',8,1,'2016-04-20 02:50:09.687163');
INSERT INTO "django_admin_log" VALUES(293,'489','2017-02-12',3,'',8,1,'2016-04-20 02:50:09.832197');
INSERT INTO "django_admin_log" VALUES(294,'488','2017-02-11',3,'',8,1,'2016-04-20 02:50:09.977193');
INSERT INTO "django_admin_log" VALUES(295,'487','2017-02-09',3,'',8,1,'2016-04-20 02:50:10.122596');
INSERT INTO "django_admin_log" VALUES(296,'486','2017-02-08',3,'',8,1,'2016-04-20 02:50:10.300730');
INSERT INTO "django_admin_log" VALUES(297,'485','2017-02-07',3,'',8,1,'2016-04-20 02:50:10.459912');
INSERT INTO "django_admin_log" VALUES(298,'484','2017-02-06',3,'',8,1,'2016-04-20 02:50:10.761526');
INSERT INTO "django_admin_log" VALUES(299,'483','2017-02-04',3,'',8,1,'2016-04-20 02:50:10.928554');
INSERT INTO "django_admin_log" VALUES(300,'482','2017-02-03',3,'',8,1,'2016-04-20 02:50:11.062428');
INSERT INTO "django_admin_log" VALUES(301,'481','2017-02-02',3,'',8,1,'2016-04-20 02:50:11.207404');
INSERT INTO "django_admin_log" VALUES(302,'480','2017-02-01',3,'',8,1,'2016-04-20 02:50:11.385749');
INSERT INTO "django_admin_log" VALUES(303,'479','2017-01-31',3,'',8,1,'2016-04-20 02:50:11.530652');
INSERT INTO "django_admin_log" VALUES(304,'478','2017-01-30',3,'',8,1,'2016-04-20 02:50:11.686907');
INSERT INTO "django_admin_log" VALUES(305,'477','2017-01-29',3,'',8,1,'2016-04-20 02:50:11.820961');
INSERT INTO "django_admin_log" VALUES(306,'476','2017-01-28',3,'',8,1,'2016-04-20 02:50:12.310374');
INSERT INTO "django_admin_log" VALUES(307,'475','2017-01-26',3,'',8,1,'2016-04-20 02:50:12.444215');
INSERT INTO "django_admin_log" VALUES(308,'474','2017-01-24',3,'',8,1,'2016-04-20 02:50:12.567365');
INSERT INTO "django_admin_log" VALUES(309,'473','2017-01-23',3,'',8,1,'2016-04-20 02:50:12.691723');
INSERT INTO "django_admin_log" VALUES(310,'472','2017-01-22',3,'',8,1,'2016-04-20 02:50:12.814928');
INSERT INTO "django_admin_log" VALUES(311,'471','2017-01-19',3,'',8,1,'2016-04-20 02:50:12.937627');
INSERT INTO "django_admin_log" VALUES(312,'470','2017-01-18',3,'',8,1,'2016-04-20 02:50:13.083379');
INSERT INTO "django_admin_log" VALUES(313,'469','2017-01-17',3,'',8,1,'2016-04-20 02:50:13.249775');
INSERT INTO "django_admin_log" VALUES(314,'468','2017-01-15',3,'',8,1,'2016-04-20 02:50:13.384072');
INSERT INTO "django_admin_log" VALUES(315,'467','2017-01-14',3,'',8,1,'2016-04-20 02:50:13.507056');
INSERT INTO "django_admin_log" VALUES(316,'466','2017-01-13',3,'',8,1,'2016-04-20 02:50:13.618414');
INSERT INTO "django_admin_log" VALUES(317,'465','2017-01-12',3,'',8,1,'2016-04-20 02:50:13.730365');
INSERT INTO "django_admin_log" VALUES(318,'464','2017-01-11',3,'',8,1,'2016-04-20 02:50:13.875357');
INSERT INTO "django_admin_log" VALUES(319,'463','2017-01-10',3,'',8,1,'2016-04-20 02:50:13.999130');
INSERT INTO "django_admin_log" VALUES(320,'462','2017-01-09',3,'',8,1,'2016-04-20 02:50:14.121807');
INSERT INTO "django_admin_log" VALUES(321,'461','2017-01-08',3,'',8,1,'2016-04-20 02:50:14.244140');
INSERT INTO "django_admin_log" VALUES(322,'460','2017-01-06',3,'',8,1,'2016-04-20 02:50:14.380272');
INSERT INTO "django_admin_log" VALUES(323,'459','2017-01-04',3,'',8,1,'2016-04-20 02:50:14.503064');
INSERT INTO "django_admin_log" VALUES(324,'458','2017-01-03',3,'',8,1,'2016-04-20 02:50:14.649010');
INSERT INTO "django_admin_log" VALUES(325,'457','2017-01-02',3,'',8,1,'2016-04-20 02:50:14.782103');
INSERT INTO "django_admin_log" VALUES(326,'456','2016-12-30',3,'',8,1,'2016-04-20 02:50:14.916128');
INSERT INTO "django_admin_log" VALUES(327,'455','2016-12-29',3,'',8,1,'2016-04-20 02:50:15.060949');
INSERT INTO "django_admin_log" VALUES(328,'454','2016-12-28',3,'',8,1,'2016-04-20 02:50:15.194676');
INSERT INTO "django_admin_log" VALUES(329,'453','2016-12-26',3,'',8,1,'2016-04-20 02:50:15.352174');
INSERT INTO "django_admin_log" VALUES(330,'452','2016-12-25',3,'',8,1,'2016-04-20 02:50:15.474477');
INSERT INTO "django_admin_log" VALUES(331,'451','2016-12-24',3,'',8,1,'2016-04-20 02:50:15.597703');
INSERT INTO "django_admin_log" VALUES(332,'450','2016-12-23',3,'',8,1,'2016-04-20 02:50:15.764745');
INSERT INTO "django_admin_log" VALUES(333,'449','2016-12-22',3,'',8,1,'2016-04-20 02:50:15.898726');
INSERT INTO "django_admin_log" VALUES(334,'448','2016-12-21',3,'',8,1,'2016-04-20 02:50:16.022338');
INSERT INTO "django_admin_log" VALUES(335,'447','2016-12-20',3,'',8,1,'2016-04-20 02:50:16.168088');
INSERT INTO "django_admin_log" VALUES(336,'446','2016-12-19',3,'',8,1,'2016-04-20 02:50:16.302645');
INSERT INTO "django_admin_log" VALUES(337,'445','2016-12-17',3,'',8,1,'2016-04-20 02:50:16.414746');
INSERT INTO "django_admin_log" VALUES(338,'444','2016-12-15',3,'',8,1,'2016-04-20 02:50:16.581214');
INSERT INTO "django_admin_log" VALUES(339,'443','2016-12-14',3,'',8,1,'2016-04-20 02:50:16.693377');
INSERT INTO "django_admin_log" VALUES(340,'442','2016-12-13',3,'',8,1,'2016-04-20 02:50:16.908153');
INSERT INTO "django_admin_log" VALUES(341,'441','2016-12-10',3,'',8,1,'2016-04-20 02:50:17.162136');
INSERT INTO "django_admin_log" VALUES(342,'440','2016-12-09',3,'',8,1,'2016-04-20 02:50:17.285018');
INSERT INTO "django_admin_log" VALUES(343,'439','2016-12-08',3,'',8,1,'2016-04-20 02:50:17.441248');
INSERT INTO "django_admin_log" VALUES(344,'438','2016-12-06',3,'',8,1,'2016-04-20 02:50:17.564233');
INSERT INTO "django_admin_log" VALUES(345,'437','2016-12-05',3,'',8,1,'2016-04-20 02:50:17.698044');
INSERT INTO "django_admin_log" VALUES(346,'436','2016-12-04',3,'',8,1,'2016-04-20 02:50:17.823107');
INSERT INTO "django_admin_log" VALUES(347,'435','2016-12-03',3,'',8,1,'2016-04-20 02:50:17.956485');
INSERT INTO "django_admin_log" VALUES(348,'434','2016-12-02',3,'',8,1,'2016-04-20 02:50:18.101833');
INSERT INTO "django_admin_log" VALUES(349,'433','2016-12-01',3,'',8,1,'2016-04-20 02:50:18.224515');
INSERT INTO "django_admin_log" VALUES(350,'432','2016-11-30',3,'',8,1,'2016-04-20 02:50:18.414419');
INSERT INTO "django_admin_log" VALUES(351,'431','2016-11-29',3,'',8,1,'2016-04-20 02:50:18.559728');
INSERT INTO "django_admin_log" VALUES(352,'430','2016-11-27',3,'',8,1,'2016-04-20 02:50:18.682303');
INSERT INTO "django_admin_log" VALUES(353,'429','2016-11-25',3,'',8,1,'2016-04-20 02:50:18.816138');
INSERT INTO "django_admin_log" VALUES(354,'428','2016-11-24',3,'',8,1,'2016-04-20 02:50:18.939035');
INSERT INTO "django_admin_log" VALUES(355,'427','2016-11-23',3,'',8,1,'2016-04-20 02:50:19.084072');
INSERT INTO "django_admin_log" VALUES(356,'426','2016-11-20',3,'',8,1,'2016-04-20 02:50:19.218533');
INSERT INTO "django_admin_log" VALUES(357,'425','2016-11-19',3,'',8,1,'2016-04-20 02:50:19.340985');
INSERT INTO "django_admin_log" VALUES(358,'424','2016-11-18',3,'',8,1,'2016-04-20 02:50:19.486397');
INSERT INTO "django_admin_log" VALUES(359,'423','2016-11-16',3,'',8,1,'2016-04-20 02:50:19.608633');
INSERT INTO "django_admin_log" VALUES(360,'422','2016-11-15',3,'',8,1,'2016-04-20 02:50:19.733333');
INSERT INTO "django_admin_log" VALUES(361,'421','2016-11-14',3,'',8,1,'2016-04-20 02:50:19.856326');
INSERT INTO "django_admin_log" VALUES(362,'420','2016-11-13',3,'',8,1,'2016-04-20 02:50:19.979375');
INSERT INTO "django_admin_log" VALUES(363,'419','2016-11-12',3,'',8,1,'2016-04-20 02:50:20.102220');
INSERT INTO "django_admin_log" VALUES(364,'418','2016-11-11',3,'',8,1,'2016-04-20 02:50:20.258394');
INSERT INTO "django_admin_log" VALUES(365,'417','2016-11-10',3,'',8,1,'2016-04-20 02:50:20.447976');
INSERT INTO "django_admin_log" VALUES(366,'416','2016-11-09',3,'',8,1,'2016-04-20 02:50:20.593418');
INSERT INTO "django_admin_log" VALUES(367,'415','2016-11-07',3,'',8,1,'2016-04-20 02:50:20.716506');
INSERT INTO "django_admin_log" VALUES(368,'414','2016-11-05',3,'',8,1,'2016-04-20 02:50:20.838670');
INSERT INTO "django_admin_log" VALUES(369,'413','2016-11-04',3,'',8,1,'2016-04-20 02:50:20.973139');
INSERT INTO "django_admin_log" VALUES(370,'412','2016-11-03',3,'',8,1,'2016-04-20 02:50:21.129921');
INSERT INTO "django_admin_log" VALUES(371,'411','2016-10-31',3,'',8,1,'2016-04-20 02:50:21.262887');
INSERT INTO "django_admin_log" VALUES(372,'410','2016-10-30',3,'',8,1,'2016-04-20 02:50:21.410057');
INSERT INTO "django_admin_log" VALUES(373,'409','2016-10-29',3,'',8,1,'2016-04-20 02:50:21.533019');
INSERT INTO "django_admin_log" VALUES(374,'408','2016-10-28',3,'',8,1,'2016-04-20 02:50:21.678895');
INSERT INTO "django_admin_log" VALUES(375,'407','2016-10-27',3,'',8,1,'2016-04-20 02:50:21.846730');
INSERT INTO "django_admin_log" VALUES(376,'406','2016-10-26',3,'',8,1,'2016-04-20 02:50:21.993905');
INSERT INTO "django_admin_log" VALUES(377,'405','2016-10-25',3,'',8,1,'2016-04-20 02:50:22.170938');
INSERT INTO "django_admin_log" VALUES(378,'404','2016-10-24',3,'',8,1,'2016-04-20 02:50:22.305435');
INSERT INTO "django_admin_log" VALUES(379,'403','2016-10-23',3,'',8,1,'2016-04-20 02:50:22.428480');
INSERT INTO "django_admin_log" VALUES(380,'402','2016-10-22',3,'',8,1,'2016-04-20 02:50:22.561947');
INSERT INTO "django_admin_log" VALUES(381,'401','2016-10-21',3,'',8,1,'2016-04-20 02:50:22.706734');
INSERT INTO "django_admin_log" VALUES(382,'400','2016-10-20',3,'',8,1,'2016-04-20 02:50:22.854204');
INSERT INTO "django_admin_log" VALUES(383,'399','2016-10-18',3,'',8,1,'2016-04-20 02:50:22.976875');
INSERT INTO "django_admin_log" VALUES(384,'398','2016-10-16',3,'',8,1,'2016-04-20 02:50:23.099917');
INSERT INTO "django_admin_log" VALUES(385,'397','2016-10-15',3,'',8,1,'2016-04-20 02:50:23.222987');
INSERT INTO "django_admin_log" VALUES(386,'396','2016-10-14',3,'',8,1,'2016-04-20 02:50:23.368311');
INSERT INTO "django_admin_log" VALUES(387,'395','2016-10-11',3,'',8,1,'2016-04-20 02:50:23.480020');
INSERT INTO "django_admin_log" VALUES(388,'394','2016-10-10',3,'',8,1,'2016-04-20 02:50:23.624791');
INSERT INTO "django_admin_log" VALUES(389,'393','2016-10-09',3,'',8,1,'2016-04-20 02:50:23.758640');
INSERT INTO "django_admin_log" VALUES(390,'392','2016-10-08',3,'',8,1,'2016-04-20 02:50:23.892580');
INSERT INTO "django_admin_log" VALUES(391,'391','2016-10-06',3,'',8,1,'2016-04-20 02:50:24.037532');
INSERT INTO "django_admin_log" VALUES(392,'390','2016-10-05',3,'',8,1,'2016-04-20 02:50:24.171750');
INSERT INTO "django_admin_log" VALUES(393,'389','2016-10-04',3,'',8,1,'2016-04-20 02:50:24.294639');
INSERT INTO "django_admin_log" VALUES(394,'388','2016-10-03',3,'',8,1,'2016-04-20 02:50:24.450785');
INSERT INTO "django_admin_log" VALUES(395,'387','2016-10-02',3,'',8,1,'2016-04-20 02:50:24.573521');
INSERT INTO "django_admin_log" VALUES(396,'386','2016-10-01',3,'',8,1,'2016-04-20 02:50:24.698423');
INSERT INTO "django_admin_log" VALUES(397,'385','2016-09-30',3,'',8,1,'2016-04-20 02:50:24.821272');
INSERT INTO "django_admin_log" VALUES(398,'384','2016-09-28',3,'',8,1,'2016-04-20 02:50:24.966198');
INSERT INTO "django_admin_log" VALUES(399,'383','2016-09-26',3,'',8,1,'2016-04-20 02:50:25.099905');
INSERT INTO "django_admin_log" VALUES(400,'382','2016-09-25',3,'',8,1,'2016-04-20 02:50:25.256268');
INSERT INTO "django_admin_log" VALUES(401,'381','2016-09-24',3,'',8,1,'2016-04-20 02:50:25.423267');
INSERT INTO "django_admin_log" VALUES(402,'380','2016-09-21',3,'',8,1,'2016-04-20 02:50:25.546154');
INSERT INTO "django_admin_log" VALUES(403,'379','2016-09-20',3,'',8,1,'2016-04-20 02:50:25.668877');
INSERT INTO "django_admin_log" VALUES(404,'378','2016-09-19',3,'',8,1,'2016-04-20 02:50:25.792222');
INSERT INTO "django_admin_log" VALUES(405,'377','2016-09-18',3,'',8,1,'2016-04-20 02:50:25.914954');
INSERT INTO "django_admin_log" VALUES(406,'376','2016-09-16',3,'',8,1,'2016-04-20 02:50:26.037838');
INSERT INTO "django_admin_log" VALUES(407,'375','2016-09-15',3,'',8,1,'2016-04-20 02:50:26.182903');
INSERT INTO "django_admin_log" VALUES(408,'374','2016-09-14',3,'',8,1,'2016-04-20 02:50:26.328099');
INSERT INTO "django_admin_log" VALUES(409,'373','2016-09-13',3,'',8,1,'2016-04-20 02:50:26.463768');
INSERT INTO "django_admin_log" VALUES(410,'372','2016-09-12',3,'',8,1,'2016-04-20 02:50:26.576100');
INSERT INTO "django_admin_log" VALUES(411,'371','2016-09-11',3,'',8,1,'2016-04-20 02:50:26.699190');
INSERT INTO "django_admin_log" VALUES(412,'370','2016-09-10',3,'',8,1,'2016-04-20 02:50:26.876659');
INSERT INTO "django_admin_log" VALUES(413,'369','2016-09-08',3,'',8,1,'2016-04-20 02:50:27.077126');
INSERT INTO "django_admin_log" VALUES(414,'368','2016-09-06',3,'',8,1,'2016-04-20 02:50:27.222332');
INSERT INTO "django_admin_log" VALUES(415,'367','2016-09-05',3,'',8,1,'2016-04-20 02:50:27.345381');
INSERT INTO "django_admin_log" VALUES(416,'366','2016-09-04',3,'',8,1,'2016-04-20 02:50:27.468249');
INSERT INTO "django_admin_log" VALUES(417,'365','2016-09-01',3,'',8,1,'2016-04-20 02:50:27.602143');
INSERT INTO "django_admin_log" VALUES(418,'364','2016-08-31',3,'',8,1,'2016-04-20 02:50:27.725178');
INSERT INTO "django_admin_log" VALUES(419,'363','2016-08-30',3,'',8,1,'2016-04-20 02:50:27.847938');
INSERT INTO "django_admin_log" VALUES(420,'362','2016-08-29',3,'',8,1,'2016-04-20 02:50:27.970758');
INSERT INTO "django_admin_log" VALUES(421,'361','2016-08-27',3,'',8,1,'2016-04-20 02:50:28.093591');
INSERT INTO "django_admin_log" VALUES(422,'360','2016-08-26',3,'',8,1,'2016-04-20 02:50:28.216387');
INSERT INTO "django_admin_log" VALUES(423,'359','2016-08-25',3,'',8,1,'2016-04-20 02:50:28.329874');
INSERT INTO "django_admin_log" VALUES(424,'358','2016-08-24',3,'',8,1,'2016-04-20 02:50:28.452374');
INSERT INTO "django_admin_log" VALUES(425,'357','2016-08-23',3,'',8,1,'2016-04-20 02:50:28.575188');
INSERT INTO "django_admin_log" VALUES(426,'356','2016-08-22',3,'',8,1,'2016-04-20 02:50:28.698101');
INSERT INTO "django_admin_log" VALUES(427,'355','2016-08-21',3,'',8,1,'2016-04-20 02:50:28.843508');
INSERT INTO "django_admin_log" VALUES(428,'354','2016-08-19',3,'',8,1,'2016-04-20 02:50:28.977481');
INSERT INTO "django_admin_log" VALUES(429,'353','2016-08-17',3,'',8,1,'2016-04-20 02:50:29.100376');
INSERT INTO "django_admin_log" VALUES(430,'352','2016-08-16',3,'',8,1,'2016-04-20 02:50:29.223413');
INSERT INTO "django_admin_log" VALUES(431,'351','2016-08-15',3,'',8,1,'2016-04-20 02:50:29.346344');
INSERT INTO "django_admin_log" VALUES(432,'350','2016-08-12',3,'',8,1,'2016-04-20 02:50:29.469153');
INSERT INTO "django_admin_log" VALUES(433,'349','2016-08-11',3,'',8,1,'2016-04-20 02:50:29.591913');
INSERT INTO "django_admin_log" VALUES(434,'348','2016-08-10',3,'',8,1,'2016-04-20 02:50:29.725745');
INSERT INTO "django_admin_log" VALUES(435,'347','2016-08-09',3,'',8,1,'2016-04-20 02:50:29.859492');
INSERT INTO "django_admin_log" VALUES(436,'346','2016-08-07',3,'',8,1,'2016-04-20 02:50:29.984242');
INSERT INTO "django_admin_log" VALUES(437,'345','2016-08-06',3,'',8,1,'2016-04-20 02:50:30.129676');
INSERT INTO "django_admin_log" VALUES(438,'344','2016-08-05',3,'',8,1,'2016-04-20 02:50:30.274717');
INSERT INTO "django_admin_log" VALUES(439,'343','2016-08-04',3,'',8,1,'2016-04-20 02:50:30.419733');
INSERT INTO "django_admin_log" VALUES(440,'342','2016-08-03',3,'',8,1,'2016-04-20 02:50:30.564696');
INSERT INTO "django_admin_log" VALUES(441,'341','2016-08-02',3,'',8,1,'2016-04-20 02:50:30.709799');
INSERT INTO "django_admin_log" VALUES(442,'340','2016-08-01',3,'',8,1,'2016-04-20 02:50:30.854775');
INSERT INTO "django_admin_log" VALUES(443,'339','2016-07-30',3,'',8,1,'2016-04-20 02:50:30.977615');
INSERT INTO "django_admin_log" VALUES(444,'338','2016-07-28',3,'',8,1,'2016-04-20 02:50:31.100643');
INSERT INTO "django_admin_log" VALUES(445,'337','2016-07-27',3,'',8,1,'2016-04-20 02:50:31.245698');
INSERT INTO "django_admin_log" VALUES(446,'336','2016-07-26',3,'',8,1,'2016-04-20 02:50:31.368466');
INSERT INTO "django_admin_log" VALUES(447,'335','2016-07-23',3,'',8,1,'2016-04-20 02:50:31.502361');
INSERT INTO "django_admin_log" VALUES(448,'334','2016-07-22',3,'',8,1,'2016-04-20 02:50:31.624810');
INSERT INTO "django_admin_log" VALUES(449,'333','2016-07-21',3,'',8,1,'2016-04-20 02:50:31.747665');
INSERT INTO "django_admin_log" VALUES(450,'332','2016-07-20',3,'',8,1,'2016-04-20 02:50:31.895165');
INSERT INTO "django_admin_log" VALUES(451,'331','2016-07-18',3,'',8,1,'2016-04-20 02:50:32.129027');
INSERT INTO "django_admin_log" VALUES(452,'330','2016-07-17',3,'',8,1,'2016-04-20 02:50:32.274018');
INSERT INTO "django_admin_log" VALUES(453,'329','2016-07-16',3,'',8,1,'2016-04-20 02:50:32.419146');
INSERT INTO "django_admin_log" VALUES(454,'328','2016-07-15',3,'',8,1,'2016-04-20 02:50:32.564122');
INSERT INTO "django_admin_log" VALUES(455,'327','2016-07-14',3,'',8,1,'2016-04-20 02:50:32.709156');
INSERT INTO "django_admin_log" VALUES(456,'326','2016-07-13',3,'',8,1,'2016-04-20 02:50:32.910399');
INSERT INTO "django_admin_log" VALUES(457,'325','2016-07-12',3,'',8,1,'2016-04-20 02:50:33.022732');
INSERT INTO "django_admin_log" VALUES(458,'324','2016-07-10',3,'',8,1,'2016-04-20 02:50:33.134387');
INSERT INTO "django_admin_log" VALUES(459,'323','2016-07-08',3,'',8,1,'2016-04-20 02:50:33.279153');
INSERT INTO "django_admin_log" VALUES(460,'322','2016-07-07',3,'',8,1,'2016-04-20 02:50:33.424041');
INSERT INTO "django_admin_log" VALUES(461,'321','2016-07-06',3,'',8,1,'2016-04-20 02:50:33.569559');
INSERT INTO "django_admin_log" VALUES(462,'320','2016-07-03',3,'',8,1,'2016-04-20 02:50:33.716479');
INSERT INTO "django_admin_log" VALUES(463,'319','2016-07-02',3,'',8,1,'2016-04-20 02:50:33.861493');
INSERT INTO "django_admin_log" VALUES(464,'318','2016-07-01',3,'',8,1,'2016-04-20 02:50:34.006526');
INSERT INTO "django_admin_log" VALUES(465,'317','2016-06-30',3,'',8,1,'2016-04-20 02:50:34.129407');
INSERT INTO "django_admin_log" VALUES(466,'316','2016-06-28',3,'',8,1,'2016-04-20 02:50:34.252091');
INSERT INTO "django_admin_log" VALUES(467,'315','2016-06-27',3,'',8,1,'2016-04-20 02:50:34.363807');
INSERT INTO "django_admin_log" VALUES(468,'314','2016-06-26',3,'',8,1,'2016-04-20 02:50:34.475626');
INSERT INTO "django_admin_log" VALUES(469,'313','2016-06-25',3,'',8,1,'2016-04-20 02:50:34.586987');
INSERT INTO "django_admin_log" VALUES(470,'312','2016-06-24',3,'',8,1,'2016-04-20 02:50:34.709646');
INSERT INTO "django_admin_log" VALUES(471,'311','2016-06-23',3,'',8,1,'2016-04-20 02:50:34.821570');
INSERT INTO "django_admin_log" VALUES(472,'310','2016-06-22',3,'',8,1,'2016-04-20 02:50:34.966972');
INSERT INTO "django_admin_log" VALUES(473,'309','2016-06-20',3,'',8,1,'2016-04-20 02:50:35.112035');
INSERT INTO "django_admin_log" VALUES(474,'308','2016-06-18',3,'',8,1,'2016-04-20 02:50:35.256923');
INSERT INTO "django_admin_log" VALUES(475,'307','2016-06-17',3,'',8,1,'2016-04-20 02:50:35.403181');
INSERT INTO "django_admin_log" VALUES(476,'306','2016-06-16',3,'',8,1,'2016-04-20 02:50:35.548870');
INSERT INTO "django_admin_log" VALUES(477,'305','2016-06-13',3,'',8,1,'2016-04-20 02:50:35.693928');
INSERT INTO "django_admin_log" VALUES(478,'304','2016-06-12',3,'',8,1,'2016-04-20 02:50:35.816286');
INSERT INTO "django_admin_log" VALUES(479,'303','2016-06-11',3,'',8,1,'2016-04-20 02:50:35.951333');
INSERT INTO "django_admin_log" VALUES(480,'302','2016-06-10',3,'',8,1,'2016-04-20 02:50:36.084463');
INSERT INTO "django_admin_log" VALUES(481,'301','2016-06-08',3,'',8,1,'2016-04-20 02:50:36.218002');
INSERT INTO "django_admin_log" VALUES(482,'300','2016-06-07',3,'',8,1,'2016-04-20 02:50:36.396620');
INSERT INTO "django_admin_log" VALUES(483,'299','2016-06-06',3,'',8,1,'2016-04-20 02:50:36.541584');
INSERT INTO "django_admin_log" VALUES(484,'298','2016-06-05',3,'',8,1,'2016-04-20 02:50:36.687789');
INSERT INTO "django_admin_log" VALUES(485,'297','2016-06-04',3,'',8,1,'2016-04-20 02:50:36.810553');
INSERT INTO "django_admin_log" VALUES(486,'296','2016-06-03',3,'',8,1,'2016-04-20 02:50:36.933009');
INSERT INTO "django_admin_log" VALUES(487,'295','2016-06-02',3,'',8,1,'2016-04-20 02:50:37.144908');
INSERT INTO "django_admin_log" VALUES(488,'294','2016-05-31',3,'',8,1,'2016-04-20 02:50:37.289749');
INSERT INTO "django_admin_log" VALUES(489,'293','2016-05-29',3,'',8,1,'2016-04-20 02:50:37.403390');
INSERT INTO "django_admin_log" VALUES(490,'292','2016-05-28',3,'',8,1,'2016-04-20 02:50:37.537371');
INSERT INTO "django_admin_log" VALUES(491,'291','2016-05-27',3,'',8,1,'2016-04-20 02:50:37.682204');
INSERT INTO "django_admin_log" VALUES(492,'290','2016-05-24',3,'',8,1,'2016-04-20 02:50:37.816195');
INSERT INTO "django_admin_log" VALUES(493,'289','2016-05-23',3,'',8,1,'2016-04-20 02:50:37.938977');
INSERT INTO "django_admin_log" VALUES(494,'288','2016-05-22',3,'',8,1,'2016-04-20 02:50:38.083602');
INSERT INTO "django_admin_log" VALUES(495,'287','2016-05-21',3,'',8,1,'2016-04-20 02:50:38.195825');
INSERT INTO "django_admin_log" VALUES(496,'286','2016-05-19',3,'',8,1,'2016-04-20 02:50:38.318678');
INSERT INTO "django_admin_log" VALUES(497,'285','2016-05-18',3,'',8,1,'2016-04-20 02:50:38.441522');
INSERT INTO "django_admin_log" VALUES(498,'284','2016-05-17',3,'',8,1,'2016-04-20 02:50:38.564373');
INSERT INTO "django_admin_log" VALUES(499,'283','2016-05-16',3,'',8,1,'2016-04-20 02:50:38.687981');
INSERT INTO "django_admin_log" VALUES(500,'282','2016-05-15',3,'',8,1,'2016-04-20 02:50:38.821315');
INSERT INTO "django_admin_log" VALUES(501,'281','2016-05-14',3,'',8,1,'2016-04-20 02:50:39.066461');
INSERT INTO "django_admin_log" VALUES(502,'280','2016-05-13',3,'',8,1,'2016-04-20 02:50:39.213367');
INSERT INTO "django_admin_log" VALUES(503,'279','2016-05-11',3,'',8,1,'2016-04-20 02:50:39.381087');
INSERT INTO "django_admin_log" VALUES(504,'278','2016-05-09',3,'',8,1,'2016-04-20 02:50:39.503676');
INSERT INTO "django_admin_log" VALUES(505,'277','2016-05-08',3,'',8,1,'2016-04-20 02:50:39.638063');
INSERT INTO "django_admin_log" VALUES(506,'276','2016-05-07',3,'',8,1,'2016-04-20 02:50:39.839971');
INSERT INTO "django_admin_log" VALUES(507,'275','2016-05-04',3,'',8,1,'2016-04-20 02:50:39.962532');
INSERT INTO "django_admin_log" VALUES(508,'274','2016-05-03',3,'',8,1,'2016-04-20 02:50:40.107603');
INSERT INTO "django_admin_log" VALUES(509,'273','2016-05-02',3,'',8,1,'2016-04-20 02:50:40.230395');
INSERT INTO "django_admin_log" VALUES(510,'272','2016-05-01',3,'',8,1,'2016-04-20 02:50:40.420633');
INSERT INTO "django_admin_log" VALUES(511,'271','2016-04-29',3,'',8,1,'2016-04-20 02:50:40.565647');
INSERT INTO "django_admin_log" VALUES(512,'270','2016-04-28',3,'',8,1,'2016-04-20 02:50:40.710722');
INSERT INTO "django_admin_log" VALUES(513,'269','2016-04-27',3,'',8,1,'2016-04-20 02:50:40.834961');
INSERT INTO "django_admin_log" VALUES(514,'268','2016-04-26',3,'',8,1,'2016-04-20 02:50:40.969300');
INSERT INTO "django_admin_log" VALUES(515,'267','2016-04-25',3,'',8,1,'2016-04-20 02:50:41.092071');
INSERT INTO "django_admin_log" VALUES(516,'266','2016-04-24',3,'',8,1,'2016-04-20 02:50:41.214921');
INSERT INTO "django_admin_log" VALUES(517,'265','2016-04-23',3,'',8,1,'2016-04-20 02:50:41.359892');
INSERT INTO "django_admin_log" VALUES(518,'264','2016-04-22',3,'',8,1,'2016-04-20 02:50:41.593698');
INSERT INTO "django_admin_log" VALUES(519,'263','2016-04-21',3,'',8,1,'2016-04-20 02:50:41.738736');
INSERT INTO "django_admin_log" VALUES(520,'262','2016-04-19',3,'',8,1,'2016-04-20 02:50:41.883743');
INSERT INTO "django_admin_log" VALUES(521,'261','2016-04-18',3,'',8,1,'2016-04-20 02:50:42.294689');
INSERT INTO "django_admin_log" VALUES(522,'260','2016-04-17',3,'',8,1,'2016-04-20 02:50:42.407002');
INSERT INTO "django_admin_log" VALUES(523,'259','2016-04-14',3,'',8,1,'2016-04-20 02:50:42.529329');
INSERT INTO "django_admin_log" VALUES(524,'258','2016-04-13',3,'',8,1,'2016-04-20 02:50:42.652246');
INSERT INTO "django_admin_log" VALUES(525,'257','2016-04-12',3,'',8,1,'2016-04-20 02:50:42.763985');
INSERT INTO "django_admin_log" VALUES(526,'256','2016-04-11',3,'',8,1,'2016-04-20 02:50:42.877586');
INSERT INTO "django_admin_log" VALUES(527,'255','2016-04-09',3,'',8,1,'2016-04-20 02:50:43.023066');
INSERT INTO "django_admin_log" VALUES(528,'254','2016-04-08',3,'',8,1,'2016-04-20 02:50:43.168114');
INSERT INTO "django_admin_log" VALUES(529,'253','2016-04-07',3,'',8,1,'2016-04-20 02:50:43.313192');
INSERT INTO "django_admin_log" VALUES(530,'252','2016-04-06',3,'',8,1,'2016-04-20 02:50:43.435954');
INSERT INTO "django_admin_log" VALUES(531,'251','2016-04-05',3,'',8,1,'2016-04-20 02:50:43.558937');
INSERT INTO "django_admin_log" VALUES(532,'250','2016-04-04',3,'',8,1,'2016-04-20 02:50:43.681827');
INSERT INTO "django_admin_log" VALUES(533,'249','2016-04-03',3,'',8,1,'2016-04-20 02:50:43.826880');
INSERT INTO "django_admin_log" VALUES(534,'248','2016-04-02',3,'',8,1,'2016-04-20 02:50:43.971367');
INSERT INTO "django_admin_log" VALUES(535,'567','2016-05-16',3,'',8,1,'2016-04-20 02:51:24.921290');
INSERT INTO "django_admin_log" VALUES(536,'566','2016-05-15',3,'',8,1,'2016-04-20 02:51:25.135520');
INSERT INTO "django_admin_log" VALUES(537,'565','2016-05-14',3,'',8,1,'2016-04-20 02:51:25.291348');
INSERT INTO "django_admin_log" VALUES(538,'564','2016-05-13',3,'',8,1,'2016-04-20 02:51:25.626021');
INSERT INTO "django_admin_log" VALUES(539,'563','2016-05-12',3,'',8,1,'2016-04-20 02:51:25.860145');
INSERT INTO "django_admin_log" VALUES(540,'562','2016-05-11',3,'',8,1,'2016-04-20 02:51:26.005152');
INSERT INTO "django_admin_log" VALUES(541,'561','2016-05-10',3,'',8,1,'2016-04-20 02:51:26.128032');
INSERT INTO "django_admin_log" VALUES(542,'560','2016-05-09',3,'',8,1,'2016-04-20 02:51:26.251078');
INSERT INTO "django_admin_log" VALUES(543,'559','2016-05-08',3,'',8,1,'2016-04-20 02:51:26.365020');
INSERT INTO "django_admin_log" VALUES(544,'558','2016-05-07',3,'',8,1,'2016-04-20 02:51:26.520905');
INSERT INTO "django_admin_log" VALUES(545,'557','2016-05-05',3,'',8,1,'2016-04-20 02:51:26.666012');
INSERT INTO "django_admin_log" VALUES(546,'556','2016-05-04',3,'',8,1,'2016-04-20 02:51:26.811116');
INSERT INTO "django_admin_log" VALUES(547,'555','2016-05-03',3,'',8,1,'2016-04-20 02:51:27.045008');
INSERT INTO "django_admin_log" VALUES(548,'554','2016-05-02',3,'',8,1,'2016-04-20 02:51:27.245889');
INSERT INTO "django_admin_log" VALUES(549,'553','2016-05-01',3,'',8,1,'2016-04-20 02:51:27.368904');
INSERT INTO "django_admin_log" VALUES(550,'552','2016-04-29',3,'',8,1,'2016-04-20 02:51:27.491805');
INSERT INTO "django_admin_log" VALUES(551,'551','2016-04-28',3,'',8,1,'2016-04-20 02:51:27.614481');
INSERT INTO "django_admin_log" VALUES(552,'550','2016-04-27',3,'',8,1,'2016-04-20 02:51:27.748387');
INSERT INTO "django_admin_log" VALUES(553,'549','2016-04-26',3,'',8,1,'2016-04-20 02:51:27.904261');
INSERT INTO "django_admin_log" VALUES(554,'548','2016-04-25',3,'',8,1,'2016-04-20 02:51:28.061253');
INSERT INTO "django_admin_log" VALUES(555,'547','2016-04-24',3,'',8,1,'2016-04-20 02:51:28.186145');
INSERT INTO "django_admin_log" VALUES(556,'546','2016-04-23',3,'',8,1,'2016-04-20 02:51:28.334216');
INSERT INTO "django_admin_log" VALUES(557,'545','2016-04-22',3,'',8,1,'2016-04-20 02:51:28.498639');
INSERT INTO "django_admin_log" VALUES(558,'544','2016-04-21',3,'',8,1,'2016-04-20 02:51:28.633698');
INSERT INTO "django_admin_log" VALUES(559,'543','2016-04-20',3,'',8,1,'2016-04-20 02:51:28.756494');
INSERT INTO "django_admin_log" VALUES(560,'542','2016-04-19',3,'',8,1,'2016-04-20 02:51:28.889773');
INSERT INTO "django_admin_log" VALUES(561,'541','2016-04-18',3,'',8,1,'2016-04-20 02:51:29.012733');
INSERT INTO "django_admin_log" VALUES(562,'540','2016-04-17',3,'',8,1,'2016-04-20 02:51:29.157819');
INSERT INTO "django_admin_log" VALUES(563,'539','2016-04-15',3,'',8,1,'2016-04-20 02:51:29.303994');
INSERT INTO "django_admin_log" VALUES(564,'538','2016-04-14',3,'',8,1,'2016-04-20 02:51:29.436752');
INSERT INTO "django_admin_log" VALUES(565,'537','2016-04-13',3,'',8,1,'2016-04-20 02:51:29.582520');
INSERT INTO "django_admin_log" VALUES(566,'536','2016-04-12',3,'',8,1,'2016-04-20 02:51:29.738243');
INSERT INTO "django_admin_log" VALUES(567,'535','2016-04-11',3,'',8,1,'2016-04-20 02:51:29.885476');
INSERT INTO "django_admin_log" VALUES(568,'534','2016-04-09',3,'',8,1,'2016-04-20 02:51:30.029807');
INSERT INTO "django_admin_log" VALUES(569,'533','2016-04-08',3,'',8,1,'2016-04-20 02:51:30.174932');
INSERT INTO "django_admin_log" VALUES(570,'532','2016-04-07',3,'',8,1,'2016-04-20 02:51:30.298069');
INSERT INTO "django_admin_log" VALUES(571,'531','2016-04-06',3,'',8,1,'2016-04-20 02:51:30.432251');
INSERT INTO "django_admin_log" VALUES(572,'530','2016-04-05',3,'',8,1,'2016-04-20 02:51:30.566038');
INSERT INTO "django_admin_log" VALUES(573,'529','2016-04-04',3,'',8,1,'2016-04-20 02:51:30.699540');
INSERT INTO "django_admin_log" VALUES(574,'528','2016-04-03',3,'',8,1,'2016-04-20 02:51:30.856128');
INSERT INTO "django_admin_log" VALUES(575,'527','2016-04-02',3,'',8,1,'2016-04-20 02:51:30.967741');
INSERT INTO "django_admin_log" VALUES(576,'526','2016-04-01',3,'',8,1,'2016-04-20 02:51:31.101386');
INSERT INTO "django_admin_log" VALUES(577,'72','sarmiento 2',3,'',7,1,'2016-04-21 03:12:30.866461');
CREATE TABLE "django_content_type" ("id" integer NOT NULL PRIMARY KEY AUTOINCREMENT, "app_label" varchar(100) NOT NULL, "model" varchar(100) NOT NULL);
INSERT INTO "django_content_type" VALUES(1,'admin','logentry');
INSERT INTO "django_content_type" VALUES(2,'auth','permission');
INSERT INTO "django_content_type" VALUES(3,'auth','group');
INSERT INTO "django_content_type" VALUES(4,'auth','user');
INSERT INTO "django_content_type" VALUES(5,'contenttypes','contenttype');
INSERT INTO "django_content_type" VALUES(6,'sessions','session');
INSERT INTO "django_content_type" VALUES(7,'farmacias','pharmacy');
INSERT INTO "django_content_type" VALUES(8,'farmacias','shift');
CREATE TABLE "auth_permission" ("id" integer NOT NULL PRIMARY KEY AUTOINCREMENT, "content_type_id" integer NOT NULL REFERENCES "django_content_type" ("id"), "codename" varchar(100) NOT NULL, "name" varchar(255) NOT NULL);
INSERT INTO "auth_permission" VALUES(1,1,'add_logentry','Can add log entry');
INSERT INTO "auth_permission" VALUES(2,1,'change_logentry','Can change log entry');
INSERT INTO "auth_permission" VALUES(3,1,'delete_logentry','Can delete log entry');
INSERT INTO "auth_permission" VALUES(4,2,'add_permission','Can add permission');
INSERT INTO "auth_permission" VALUES(5,2,'change_permission','Can change permission');
INSERT INTO "auth_permission" VALUES(6,2,'delete_permission','Can delete permission');
INSERT INTO "auth_permission" VALUES(7,3,'add_group','Can add group');
INSERT INTO "auth_permission" VALUES(8,3,'change_group','Can change group');
INSERT INTO "auth_permission" VALUES(9,3,'delete_group','Can delete group');
INSERT INTO "auth_permission" VALUES(10,4,'add_user','Can add user');
INSERT INTO "auth_permission" VALUES(11,4,'change_user','Can change user');
INSERT INTO "auth_permission" VALUES(12,4,'delete_user','Can delete user');
INSERT INTO "auth_permission" VALUES(13,5,'add_contenttype','Can add content type');
INSERT INTO "auth_permission" VALUES(14,5,'change_contenttype','Can change content type');
INSERT INTO "auth_permission" VALUES(15,5,'delete_contenttype','Can delete content type');
INSERT INTO "auth_permission" VALUES(16,6,'add_session','Can add session');
INSERT INTO "auth_permission" VALUES(17,6,'change_session','Can change session');
INSERT INTO "auth_permission" VALUES(18,6,'delete_session','Can delete session');
INSERT INTO "auth_permission" VALUES(19,7,'add_pharmacy','Can add pharmacy');
INSERT INTO "auth_permission" VALUES(20,7,'change_pharmacy','Can change pharmacy');
INSERT INTO "auth_permission" VALUES(21,7,'delete_pharmacy','Can delete pharmacy');
INSERT INTO "auth_permission" VALUES(22,8,'add_shift','Can add shift');
INSERT INTO "auth_permission" VALUES(23,8,'change_shift','Can change shift');
INSERT INTO "auth_permission" VALUES(24,8,'delete_shift','Can delete shift');
CREATE TABLE "auth_user" ("id" integer NOT NULL PRIMARY KEY AUTOINCREMENT, "password" varchar(128) NOT NULL, "last_login" datetime NULL, "is_superuser" bool NOT NULL, "first_name" varchar(30) NOT NULL, "last_name" varchar(30) NOT NULL, "email" varchar(254) NOT NULL, "is_staff" bool NOT NULL, "is_active" bool NOT NULL, "date_joined" datetime NOT NULL, "username" varchar(150) NOT NULL UNIQUE);
INSERT INTO "auth_user" VALUES(1,'pbkdf2_sha256$30000$qbw5BWEnPAUe$N+CAl37DOY//nQEmyYit5UCg0rGvJ63nN6KhLF/dyNo=','2016-04-08 04:27:48.806797',1,'','','adenevreze@gmail.com',1,1,'2016-04-08 04:27:07.753064','admin');
CREATE TABLE "django_session" ("session_key" varchar(40) NOT NULL PRIMARY KEY, "session_data" text NOT NULL, "expire_date" datetime NOT NULL);
INSERT INTO "django_session" VALUES('lrl6ump4t9b8kjj575jcl5yydg7w1hfp','ODQ5NmUxZjM4ZjcyZTVlZmJjNDg3OGViN2FjZDM3YjNkOWI5OGM2NTp7Il9hdXRoX3VzZXJfaWQiOiIxIiwiX2F1dGhfdXNlcl9oYXNoIjoiODRiZjVkMzcxODZkMzcxN2JlZDU3MWNjNDZkNTFlYzA3NGNmYTZjMyIsIl9hdXRoX3VzZXJfYmFja2VuZCI6ImRqYW5nby5jb250cmliLmF1dGguYmFja2VuZHMuTW9kZWxCYWNrZW5kIn0=','2016-04-22 04:27:48.919745');
CREATE TABLE "farmacias_shift" ("id" integer NOT NULL PRIMARY KEY AUTOINCREMENT, "date" date NOT NULL, "all_night_1_id" integer NOT NULL REFERENCES "farmacias_pharmacy" ("id"), "all_night_2_id" integer NOT NULL REFERENCES "farmacias_pharmacy" ("id"), "close_at_24_id" integer NOT NULL REFERENCES "farmacias_pharmacy" ("id"));
INSERT INTO "farmacias_shift" VALUES(568,'2016-04-01',25,24,66);
INSERT INTO "farmacias_shift" VALUES(569,'2016-04-02',71,74,37);
INSERT INTO "farmacias_shift" VALUES(570,'2016-04-03',2,14,35);
INSERT INTO "farmacias_shift" VALUES(571,'2016-04-04',70,7,18);
INSERT INTO "farmacias_shift" VALUES(572,'2016-04-05',63,8,1);
INSERT INTO "farmacias_shift" VALUES(573,'2016-04-06',22,28,9);
INSERT INTO "farmacias_shift" VALUES(574,'2016-04-07',5,6,40);
INSERT INTO "farmacias_shift" VALUES(575,'2016-04-08',27,75,41);
INSERT INTO "farmacias_shift" VALUES(576,'2016-04-09',42,31,3);
INSERT INTO "farmacias_shift" VALUES(577,'2016-04-10',73,78,16);
INSERT INTO "farmacias_shift" VALUES(578,'2016-04-11',68,30,53);
INSERT INTO "farmacias_shift" VALUES(579,'2016-04-12',58,44,19);
INSERT INTO "farmacias_shift" VALUES(580,'2016-04-13',50,69,51);
INSERT INTO "farmacias_shift" VALUES(581,'2016-04-14',56,13,49);
INSERT INTO "farmacias_shift" VALUES(582,'2016-04-15',11,26,47);
INSERT INTO "farmacias_shift" VALUES(583,'2016-04-16',20,17,54);
INSERT INTO "farmacias_shift" VALUES(584,'2016-04-17',23,36,77);
INSERT INTO "farmacias_shift" VALUES(585,'2016-04-18',34,46,64);
INSERT INTO "farmacias_shift" VALUES(586,'2016-04-19',67,4,43);
INSERT INTO "farmacias_shift" VALUES(587,'2016-04-20',38,79,48);
INSERT INTO "farmacias_shift" VALUES(588,'2016-04-21',62,32,12);
INSERT INTO "farmacias_shift" VALUES(589,'2016-04-22',37,74,71);
INSERT INTO "farmacias_shift" VALUES(590,'2016-04-23',35,14,2);
INSERT INTO "farmacias_shift" VALUES(591,'2016-04-24',18,7,70);
INSERT INTO "farmacias_shift" VALUES(592,'2016-04-25',1,8,63);
INSERT INTO "farmacias_shift" VALUES(593,'2016-04-26',9,28,22);
INSERT INTO "farmacias_shift" VALUES(594,'2016-04-27',40,6,5);
INSERT INTO "farmacias_shift" VALUES(595,'2016-04-28',41,75,27);
INSERT INTO "farmacias_shift" VALUES(596,'2016-04-29',3,31,42);
INSERT INTO "farmacias_shift" VALUES(597,'2016-04-30',16,78,73);
INSERT INTO "farmacias_shift" VALUES(598,'2016-05-01',53,30,68);
INSERT INTO "farmacias_shift" VALUES(599,'2016-05-02',19,44,58);
INSERT INTO "farmacias_shift" VALUES(600,'2016-05-03',51,69,50);
INSERT INTO "farmacias_shift" VALUES(601,'2016-05-04',49,13,56);
INSERT INTO "farmacias_shift" VALUES(602,'2016-05-05',47,26,11);
INSERT INTO "farmacias_shift" VALUES(603,'2016-05-06',54,17,20);
INSERT INTO "farmacias_shift" VALUES(604,'2016-05-07',77,36,23);
INSERT INTO "farmacias_shift" VALUES(605,'2016-05-08',64,46,34);
INSERT INTO "farmacias_shift" VALUES(606,'2016-05-09',43,4,67);
INSERT INTO "farmacias_shift" VALUES(607,'2016-05-10',48,79,38);
INSERT INTO "farmacias_shift" VALUES(608,'2016-05-11',12,32,62);
INSERT INTO "farmacias_shift" VALUES(609,'2016-05-12',66,24,25);
INSERT INTO "farmacias_shift" VALUES(610,'2016-05-13',2,35,14);
INSERT INTO "farmacias_shift" VALUES(611,'2016-05-14',70,18,7);
INSERT INTO "farmacias_shift" VALUES(612,'2016-05-15',63,1,8);
INSERT INTO "farmacias_shift" VALUES(613,'2016-05-16',22,9,28);
INSERT INTO "farmacias_shift" VALUES(614,'2016-05-17',5,40,6);
INSERT INTO "farmacias_shift" VALUES(615,'2016-05-18',27,41,75);
INSERT INTO "farmacias_shift" VALUES(616,'2016-05-19',42,3,31);
INSERT INTO "farmacias_shift" VALUES(617,'2016-05-20',73,16,78);
INSERT INTO "farmacias_shift" VALUES(618,'2016-05-21',68,53,30);
INSERT INTO "farmacias_shift" VALUES(619,'2016-05-22',58,19,44);
INSERT INTO "farmacias_shift" VALUES(620,'2016-05-23',50,51,69);
INSERT INTO "farmacias_shift" VALUES(621,'2016-05-24',56,49,13);
INSERT INTO "farmacias_shift" VALUES(622,'2016-05-25',11,47,26);
INSERT INTO "farmacias_shift" VALUES(623,'2016-05-26',20,54,17);
INSERT INTO "farmacias_shift" VALUES(624,'2016-05-27',23,77,36);
INSERT INTO "farmacias_shift" VALUES(625,'2016-05-28',34,64,46);
INSERT INTO "farmacias_shift" VALUES(626,'2016-05-29',67,43,4);
INSERT INTO "farmacias_shift" VALUES(627,'2016-05-30',38,48,79);
INSERT INTO "farmacias_shift" VALUES(628,'2016-05-31',62,12,32);
INSERT INTO "farmacias_shift" VALUES(629,'2016-06-01',25,66,24);
INSERT INTO "farmacias_shift" VALUES(630,'2016-06-02',71,37,74);
INSERT INTO "farmacias_shift" VALUES(631,'2016-06-03',70,7,18);
INSERT INTO "farmacias_shift" VALUES(632,'2016-06-04',63,8,1);
INSERT INTO "farmacias_shift" VALUES(633,'2016-06-05',22,28,9);
INSERT INTO "farmacias_shift" VALUES(634,'2016-06-06',5,6,40);
INSERT INTO "farmacias_shift" VALUES(635,'2016-06-07',27,75,41);
INSERT INTO "farmacias_shift" VALUES(636,'2016-06-08',42,31,3);
INSERT INTO "farmacias_shift" VALUES(637,'2016-06-09',73,78,16);
INSERT INTO "farmacias_shift" VALUES(638,'2016-06-10',68,30,53);
INSERT INTO "farmacias_shift" VALUES(639,'2016-06-11',58,44,19);
INSERT INTO "farmacias_shift" VALUES(640,'2016-06-12',50,69,51);
INSERT INTO "farmacias_shift" VALUES(641,'2016-06-13',56,13,49);
INSERT INTO "farmacias_shift" VALUES(642,'2016-06-14',11,26,47);
INSERT INTO "farmacias_shift" VALUES(643,'2016-06-15',20,17,54);
INSERT INTO "farmacias_shift" VALUES(644,'2016-06-16',23,36,77);
INSERT INTO "farmacias_shift" VALUES(645,'2016-06-17',34,46,64);
INSERT INTO "farmacias_shift" VALUES(646,'2016-06-18',67,4,43);
INSERT INTO "farmacias_shift" VALUES(647,'2016-06-19',38,79,48);
INSERT INTO "farmacias_shift" VALUES(648,'2016-06-20',62,32,12);
INSERT INTO "farmacias_shift" VALUES(649,'2016-06-21',25,24,66);
INSERT INTO "farmacias_shift" VALUES(650,'2016-06-22',71,74,37);
INSERT INTO "farmacias_shift" VALUES(651,'2016-06-23',2,14,35);
INSERT INTO "farmacias_shift" VALUES(652,'2016-06-24',1,8,63);
INSERT INTO "farmacias_shift" VALUES(653,'2016-06-25',9,28,22);
INSERT INTO "farmacias_shift" VALUES(654,'2016-06-26',40,6,5);
INSERT INTO "farmacias_shift" VALUES(655,'2016-06-27',41,75,27);
INSERT INTO "farmacias_shift" VALUES(656,'2016-06-28',3,31,42);
INSERT INTO "farmacias_shift" VALUES(657,'2016-06-29',16,78,73);
INSERT INTO "farmacias_shift" VALUES(658,'2016-06-30',53,30,68);
INSERT INTO "farmacias_shift" VALUES(659,'2016-07-01',44,19,58);
INSERT INTO "farmacias_shift" VALUES(660,'2016-07-02',69,51,50);
INSERT INTO "farmacias_shift" VALUES(661,'2016-07-03',13,49,56);
INSERT INTO "farmacias_shift" VALUES(662,'2016-07-04',26,47,11);
INSERT INTO "farmacias_shift" VALUES(663,'2016-07-05',17,54,20);
INSERT INTO "farmacias_shift" VALUES(664,'2016-07-06',36,77,23);
INSERT INTO "farmacias_shift" VALUES(665,'2016-07-07',46,64,34);
INSERT INTO "farmacias_shift" VALUES(666,'2016-07-08',4,43,67);
INSERT INTO "farmacias_shift" VALUES(667,'2016-07-09',79,48,38);
INSERT INTO "farmacias_shift" VALUES(668,'2016-07-10',32,12,62);
INSERT INTO "farmacias_shift" VALUES(669,'2016-07-11',24,66,25);
INSERT INTO "farmacias_shift" VALUES(670,'2016-07-12',74,37,71);
INSERT INTO "farmacias_shift" VALUES(671,'2016-07-13',14,35,2);
INSERT INTO "farmacias_shift" VALUES(672,'2016-07-14',7,18,70);
INSERT INTO "farmacias_shift" VALUES(673,'2016-07-15',22,9,28);
INSERT INTO "farmacias_shift" VALUES(674,'2016-07-16',5,40,6);
INSERT INTO "farmacias_shift" VALUES(675,'2016-07-17',27,41,75);
INSERT INTO "farmacias_shift" VALUES(676,'2016-07-18',42,3,31);
INSERT INTO "farmacias_shift" VALUES(677,'2016-07-19',73,16,78);
INSERT INTO "farmacias_shift" VALUES(678,'2016-07-20',68,53,30);
INSERT INTO "farmacias_shift" VALUES(679,'2016-07-21',58,19,44);
INSERT INTO "farmacias_shift" VALUES(680,'2016-07-22',50,51,69);
INSERT INTO "farmacias_shift" VALUES(681,'2016-07-23',56,49,13);
INSERT INTO "farmacias_shift" VALUES(682,'2016-07-24',11,47,26);
INSERT INTO "farmacias_shift" VALUES(683,'2016-07-25',20,54,17);
INSERT INTO "farmacias_shift" VALUES(684,'2016-07-26',23,77,36);
INSERT INTO "farmacias_shift" VALUES(685,'2016-07-27',34,64,46);
INSERT INTO "farmacias_shift" VALUES(686,'2016-07-28',67,43,4);
INSERT INTO "farmacias_shift" VALUES(687,'2016-07-29',38,48,79);
INSERT INTO "farmacias_shift" VALUES(688,'2016-07-30',62,12,32);
INSERT INTO "farmacias_shift" VALUES(689,'2016-07-31',25,66,24);
INSERT INTO "farmacias_shift" VALUES(690,'2016-08-01',71,37,74);
INSERT INTO "farmacias_shift" VALUES(691,'2016-08-02',2,35,14);
INSERT INTO "farmacias_shift" VALUES(692,'2016-08-03',70,18,7);
INSERT INTO "farmacias_shift" VALUES(693,'2016-08-04',63,1,8);
INSERT INTO "farmacias_shift" VALUES(694,'2016-08-05',5,6,40);
INSERT INTO "farmacias_shift" VALUES(695,'2016-08-06',27,75,41);
INSERT INTO "farmacias_shift" VALUES(696,'2016-08-07',42,31,3);
INSERT INTO "farmacias_shift" VALUES(697,'2016-08-08',73,78,16);
INSERT INTO "farmacias_shift" VALUES(698,'2016-08-09',68,30,53);
INSERT INTO "farmacias_shift" VALUES(699,'2016-08-10',58,44,19);
INSERT INTO "farmacias_shift" VALUES(700,'2016-08-11',50,69,51);
INSERT INTO "farmacias_shift" VALUES(701,'2016-08-12',56,13,49);
INSERT INTO "farmacias_shift" VALUES(702,'2016-08-13',11,26,47);
INSERT INTO "farmacias_shift" VALUES(703,'2016-08-14',20,17,54);
INSERT INTO "farmacias_shift" VALUES(704,'2016-08-15',23,36,77);
INSERT INTO "farmacias_shift" VALUES(705,'2016-08-16',34,46,64);
INSERT INTO "farmacias_shift" VALUES(706,'2016-08-17',67,4,43);
INSERT INTO "farmacias_shift" VALUES(707,'2016-08-18',38,79,48);
INSERT INTO "farmacias_shift" VALUES(708,'2016-08-19',62,32,12);
INSERT INTO "farmacias_shift" VALUES(709,'2016-08-20',25,24,66);
INSERT INTO "farmacias_shift" VALUES(710,'2016-08-21',71,74,37);
INSERT INTO "farmacias_shift" VALUES(711,'2016-08-22',2,14,35);
INSERT INTO "farmacias_shift" VALUES(712,'2016-08-23',70,7,18);
INSERT INTO "farmacias_shift" VALUES(713,'2016-08-24',63,8,1);
INSERT INTO "farmacias_shift" VALUES(714,'2016-08-25',22,28,9);
INSERT INTO "farmacias_shift" VALUES(715,'2016-08-26',41,75,27);
INSERT INTO "farmacias_shift" VALUES(716,'2016-08-27',3,31,42);
INSERT INTO "farmacias_shift" VALUES(717,'2016-08-28',16,78,73);
INSERT INTO "farmacias_shift" VALUES(718,'2016-08-29',53,30,68);
INSERT INTO "farmacias_shift" VALUES(719,'2016-08-30',19,44,58);
INSERT INTO "farmacias_shift" VALUES(720,'2016-08-31',51,69,50);
INSERT INTO "farmacias_shift" VALUES(721,'2016-09-01',49,13,56);
INSERT INTO "farmacias_shift" VALUES(722,'2016-09-02',47,26,11);
INSERT INTO "farmacias_shift" VALUES(723,'2016-09-03',54,17,20);
INSERT INTO "farmacias_shift" VALUES(724,'2016-09-04',77,36,23);
INSERT INTO "farmacias_shift" VALUES(725,'2016-09-05',64,46,34);
INSERT INTO "farmacias_shift" VALUES(726,'2016-09-06',43,4,67);
INSERT INTO "farmacias_shift" VALUES(727,'2016-09-07',48,79,38);
INSERT INTO "farmacias_shift" VALUES(728,'2016-09-08',12,32,62);
INSERT INTO "farmacias_shift" VALUES(729,'2016-09-09',66,24,25);
INSERT INTO "farmacias_shift" VALUES(730,'2016-09-10',37,74,71);
INSERT INTO "farmacias_shift" VALUES(731,'2016-09-11',35,14,2);
INSERT INTO "farmacias_shift" VALUES(732,'2016-09-12',18,7,70);
INSERT INTO "farmacias_shift" VALUES(733,'2016-09-13',1,8,63);
INSERT INTO "farmacias_shift" VALUES(734,'2016-09-14',9,28,22);
INSERT INTO "farmacias_shift" VALUES(735,'2016-09-15',40,6,5);
INSERT INTO "farmacias_shift" VALUES(736,'2016-09-16',42,3,31);
INSERT INTO "farmacias_shift" VALUES(737,'2016-09-17',73,16,78);
INSERT INTO "farmacias_shift" VALUES(738,'2016-09-18',68,53,30);
INSERT INTO "farmacias_shift" VALUES(739,'2016-09-19',58,19,44);
INSERT INTO "farmacias_shift" VALUES(740,'2016-09-20',50,51,69);
INSERT INTO "farmacias_shift" VALUES(741,'2016-09-21',56,49,13);
INSERT INTO "farmacias_shift" VALUES(742,'2016-09-22',11,47,26);
INSERT INTO "farmacias_shift" VALUES(743,'2016-09-23',20,54,17);
INSERT INTO "farmacias_shift" VALUES(744,'2016-09-24',23,77,36);
INSERT INTO "farmacias_shift" VALUES(745,'2016-09-25',34,64,46);
INSERT INTO "farmacias_shift" VALUES(746,'2016-09-26',67,43,4);
INSERT INTO "farmacias_shift" VALUES(747,'2016-09-27',38,48,79);
INSERT INTO "farmacias_shift" VALUES(748,'2016-09-28',62,12,32);
INSERT INTO "farmacias_shift" VALUES(749,'2016-09-29',25,66,24);
INSERT INTO "farmacias_shift" VALUES(750,'2016-09-30',71,37,74);
INSERT INTO "farmacias_shift" VALUES(751,'2016-10-01',2,35,14);
INSERT INTO "farmacias_shift" VALUES(752,'2016-10-02',70,18,7);
INSERT INTO "farmacias_shift" VALUES(753,'2016-10-03',63,1,8);
INSERT INTO "farmacias_shift" VALUES(754,'2016-10-04',22,9,28);
INSERT INTO "farmacias_shift" VALUES(755,'2016-10-05',5,40,6);
INSERT INTO "farmacias_shift" VALUES(756,'2016-10-06',27,41,75);
INSERT INTO "farmacias_shift" VALUES(757,'2016-10-07',73,78,16);
INSERT INTO "farmacias_shift" VALUES(758,'2016-10-08',68,30,53);
INSERT INTO "farmacias_shift" VALUES(759,'2016-10-09',58,44,19);
INSERT INTO "farmacias_shift" VALUES(760,'2016-10-10',50,69,51);
INSERT INTO "farmacias_shift" VALUES(761,'2016-10-11',56,13,49);
INSERT INTO "farmacias_shift" VALUES(762,'2016-10-12',11,26,47);
INSERT INTO "farmacias_shift" VALUES(763,'2016-10-13',20,17,54);
INSERT INTO "farmacias_shift" VALUES(764,'2016-10-14',23,36,77);
INSERT INTO "farmacias_shift" VALUES(765,'2016-10-15',34,46,64);
INSERT INTO "farmacias_shift" VALUES(766,'2016-10-16',67,4,43);
INSERT INTO "farmacias_shift" VALUES(767,'2016-10-17',38,79,48);
INSERT INTO "farmacias_shift" VALUES(768,'2016-10-18',62,32,12);
INSERT INTO "farmacias_shift" VALUES(769,'2016-10-19',25,24,66);
INSERT INTO "farmacias_shift" VALUES(770,'2016-10-20',71,74,37);
INSERT INTO "farmacias_shift" VALUES(771,'2016-10-21',2,14,35);
INSERT INTO "farmacias_shift" VALUES(772,'2016-10-22',70,7,18);
INSERT INTO "farmacias_shift" VALUES(773,'2016-10-23',63,8,1);
INSERT INTO "farmacias_shift" VALUES(774,'2016-10-24',22,28,9);
INSERT INTO "farmacias_shift" VALUES(775,'2016-10-25',5,6,40);
INSERT INTO "farmacias_shift" VALUES(776,'2016-10-26',27,75,41);
INSERT INTO "farmacias_shift" VALUES(777,'2016-10-27',42,31,3);
INSERT INTO "farmacias_shift" VALUES(778,'2016-10-28',53,30,68);
INSERT INTO "farmacias_shift" VALUES(779,'2016-10-29',19,44,58);
INSERT INTO "farmacias_shift" VALUES(780,'2016-10-30',51,69,50);
INSERT INTO "farmacias_shift" VALUES(781,'2016-10-31',49,13,56);
INSERT INTO "farmacias_shift" VALUES(782,'2016-11-01',47,26,11);
INSERT INTO "farmacias_shift" VALUES(783,'2016-11-02',54,17,20);
INSERT INTO "farmacias_shift" VALUES(784,'2016-11-03',77,36,23);
INSERT INTO "farmacias_shift" VALUES(785,'2016-11-04',64,46,34);
INSERT INTO "farmacias_shift" VALUES(786,'2016-11-05',43,4,67);
INSERT INTO "farmacias_shift" VALUES(787,'2016-11-06',48,79,38);
INSERT INTO "farmacias_shift" VALUES(788,'2016-11-07',12,32,62);
INSERT INTO "farmacias_shift" VALUES(789,'2016-11-08',66,24,25);
INSERT INTO "farmacias_shift" VALUES(790,'2016-11-09',37,74,71);
INSERT INTO "farmacias_shift" VALUES(791,'2016-11-10',35,14,2);
INSERT INTO "farmacias_shift" VALUES(792,'2016-11-11',18,7,70);
INSERT INTO "farmacias_shift" VALUES(793,'2016-11-12',1,8,63);
INSERT INTO "farmacias_shift" VALUES(794,'2016-11-13',9,28,22);
INSERT INTO "farmacias_shift" VALUES(795,'2016-11-14',40,6,5);
INSERT INTO "farmacias_shift" VALUES(796,'2016-11-15',41,75,27);
INSERT INTO "farmacias_shift" VALUES(797,'2016-11-16',3,31,42);
INSERT INTO "farmacias_shift" VALUES(798,'2016-11-17',16,78,73);
INSERT INTO "farmacias_shift" VALUES(799,'2016-11-18',58,19,44);
INSERT INTO "farmacias_shift" VALUES(800,'2016-11-19',50,51,69);
INSERT INTO "farmacias_shift" VALUES(801,'2016-11-20',56,49,13);
INSERT INTO "farmacias_shift" VALUES(802,'2016-11-21',11,47,26);
INSERT INTO "farmacias_shift" VALUES(803,'2016-11-22',20,54,17);
INSERT INTO "farmacias_shift" VALUES(804,'2016-11-23',23,77,36);
INSERT INTO "farmacias_shift" VALUES(805,'2016-11-24',34,64,46);
INSERT INTO "farmacias_shift" VALUES(806,'2016-11-25',67,43,4);
INSERT INTO "farmacias_shift" VALUES(807,'2016-11-26',38,48,79);
INSERT INTO "farmacias_shift" VALUES(808,'2016-11-27',62,12,32);
INSERT INTO "farmacias_shift" VALUES(809,'2016-11-28',25,66,24);
INSERT INTO "farmacias_shift" VALUES(810,'2016-11-29',71,37,74);
INSERT INTO "farmacias_shift" VALUES(811,'2016-11-30',2,35,14);
INSERT INTO "farmacias_shift" VALUES(812,'2016-12-01',70,18,7);
INSERT INTO "farmacias_shift" VALUES(813,'2016-12-02',63,1,8);
INSERT INTO "farmacias_shift" VALUES(814,'2016-12-03',22,9,28);
INSERT INTO "farmacias_shift" VALUES(815,'2016-12-04',5,40,6);
INSERT INTO "farmacias_shift" VALUES(816,'2016-12-05',27,41,75);
INSERT INTO "farmacias_shift" VALUES(817,'2016-12-06',42,3,31);
INSERT INTO "farmacias_shift" VALUES(818,'2016-12-07',73,16,78);
INSERT INTO "farmacias_shift" VALUES(819,'2016-12-08',68,53,30);
INSERT INTO "farmacias_shift" VALUES(820,'2016-12-09',50,69,51);
INSERT INTO "farmacias_shift" VALUES(821,'2016-12-10',56,13,49);
INSERT INTO "farmacias_shift" VALUES(822,'2016-12-11',11,26,47);
INSERT INTO "farmacias_shift" VALUES(823,'2016-12-12',20,17,54);
INSERT INTO "farmacias_shift" VALUES(824,'2016-12-13',23,36,77);
INSERT INTO "farmacias_shift" VALUES(825,'2016-12-14',34,46,64);
INSERT INTO "farmacias_shift" VALUES(826,'2016-12-15',67,4,43);
INSERT INTO "farmacias_shift" VALUES(827,'2016-12-16',38,79,48);
INSERT INTO "farmacias_shift" VALUES(828,'2016-12-17',62,32,12);
INSERT INTO "farmacias_shift" VALUES(829,'2016-12-18',25,24,66);
INSERT INTO "farmacias_shift" VALUES(830,'2016-12-19',71,74,37);
INSERT INTO "farmacias_shift" VALUES(831,'2016-12-20',2,14,35);
INSERT INTO "farmacias_shift" VALUES(832,'2016-12-21',70,7,18);
INSERT INTO "farmacias_shift" VALUES(833,'2016-12-22',63,8,1);
INSERT INTO "farmacias_shift" VALUES(834,'2016-12-23',22,28,9);
INSERT INTO "farmacias_shift" VALUES(835,'2016-12-24',5,6,40);
INSERT INTO "farmacias_shift" VALUES(836,'2016-12-25',27,75,41);
INSERT INTO "farmacias_shift" VALUES(837,'2016-12-26',42,31,3);
INSERT INTO "farmacias_shift" VALUES(838,'2016-12-27',73,78,16);
INSERT INTO "farmacias_shift" VALUES(839,'2016-12-28',68,30,53);
INSERT INTO "farmacias_shift" VALUES(840,'2016-12-29',58,44,19);
INSERT INTO "farmacias_shift" VALUES(841,'2016-12-30',13,49,56);
INSERT INTO "farmacias_shift" VALUES(842,'2016-12-31',26,47,11);
INSERT INTO "farmacias_shift" VALUES(843,'2017-01-01',54,17,20);
INSERT INTO "farmacias_shift" VALUES(844,'2017-01-02',77,36,23);
INSERT INTO "farmacias_shift" VALUES(845,'2017-01-03',64,46,34);
INSERT INTO "farmacias_shift" VALUES(846,'2017-01-04',43,4,67);
INSERT INTO "farmacias_shift" VALUES(847,'2017-01-05',48,79,38);
INSERT INTO "farmacias_shift" VALUES(848,'2017-01-06',12,32,62);
INSERT INTO "farmacias_shift" VALUES(849,'2017-01-07',66,24,25);
INSERT INTO "farmacias_shift" VALUES(850,'2017-01-08',37,74,71);
INSERT INTO "farmacias_shift" VALUES(851,'2017-01-09',35,14,2);
INSERT INTO "farmacias_shift" VALUES(852,'2017-01-10',18,7,70);
INSERT INTO "farmacias_shift" VALUES(853,'2017-01-11',1,8,63);
INSERT INTO "farmacias_shift" VALUES(854,'2017-01-12',9,28,22);
INSERT INTO "farmacias_shift" VALUES(855,'2017-01-13',40,6,5);
INSERT INTO "farmacias_shift" VALUES(856,'2017-01-14',41,75,27);
INSERT INTO "farmacias_shift" VALUES(857,'2017-01-15',3,31,42);
INSERT INTO "farmacias_shift" VALUES(858,'2017-01-16',16,78,73);
INSERT INTO "farmacias_shift" VALUES(859,'2017-01-17',53,30,68);
INSERT INTO "farmacias_shift" VALUES(860,'2017-01-18',19,44,58);
INSERT INTO "farmacias_shift" VALUES(861,'2017-01-19',51,69,50);
INSERT INTO "farmacias_shift" VALUES(862,'2017-01-20',11,47,26);
INSERT INTO "farmacias_shift" VALUES(863,'2017-01-21',20,54,17);
INSERT INTO "farmacias_shift" VALUES(864,'2017-01-22',23,77,36);
INSERT INTO "farmacias_shift" VALUES(865,'2017-01-23',34,64,46);
INSERT INTO "farmacias_shift" VALUES(866,'2017-01-24',67,43,4);
INSERT INTO "farmacias_shift" VALUES(867,'2017-01-25',38,48,79);
INSERT INTO "farmacias_shift" VALUES(868,'2017-01-26',62,12,32);
INSERT INTO "farmacias_shift" VALUES(869,'2017-01-27',25,66,24);
INSERT INTO "farmacias_shift" VALUES(870,'2017-01-28',71,37,74);
INSERT INTO "farmacias_shift" VALUES(871,'2017-01-29',2,35,14);
INSERT INTO "farmacias_shift" VALUES(872,'2017-01-30',70,18,7);
INSERT INTO "farmacias_shift" VALUES(873,'2017-01-31',63,1,8);
INSERT INTO "farmacias_shift" VALUES(874,'2017-02-01',22,9,28);
INSERT INTO "farmacias_shift" VALUES(875,'2017-02-02',5,40,6);
INSERT INTO "farmacias_shift" VALUES(876,'2017-02-03',27,41,75);
INSERT INTO "farmacias_shift" VALUES(877,'2017-02-04',42,3,31);
INSERT INTO "farmacias_shift" VALUES(878,'2017-02-05',73,16,78);
INSERT INTO "farmacias_shift" VALUES(879,'2017-02-06',68,53,30);
INSERT INTO "farmacias_shift" VALUES(880,'2017-02-07',58,19,44);
INSERT INTO "farmacias_shift" VALUES(881,'2017-02-08',50,51,69);
INSERT INTO "farmacias_shift" VALUES(882,'2017-02-09',56,49,13);
INSERT INTO "farmacias_shift" VALUES(883,'2017-02-10',20,17,54);
INSERT INTO "farmacias_shift" VALUES(884,'2017-02-11',23,36,77);
INSERT INTO "farmacias_shift" VALUES(885,'2017-02-12',34,46,64);
INSERT INTO "farmacias_shift" VALUES(886,'2017-02-13',67,4,43);
INSERT INTO "farmacias_shift" VALUES(887,'2017-02-14',38,79,48);
INSERT INTO "farmacias_shift" VALUES(888,'2017-02-15',62,32,12);
INSERT INTO "farmacias_shift" VALUES(889,'2017-02-16',25,24,66);
INSERT INTO "farmacias_shift" VALUES(890,'2017-02-17',71,74,37);
INSERT INTO "farmacias_shift" VALUES(891,'2017-02-18',2,14,35);
INSERT INTO "farmacias_shift" VALUES(892,'2017-02-19',70,7,18);
INSERT INTO "farmacias_shift" VALUES(893,'2017-02-20',63,8,1);
INSERT INTO "farmacias_shift" VALUES(894,'2017-02-21',22,28,9);
INSERT INTO "farmacias_shift" VALUES(895,'2017-02-22',5,6,40);
INSERT INTO "farmacias_shift" VALUES(896,'2017-02-23',27,75,41);
INSERT INTO "farmacias_shift" VALUES(897,'2017-02-24',42,31,3);
INSERT INTO "farmacias_shift" VALUES(898,'2017-02-25',73,78,16);
INSERT INTO "farmacias_shift" VALUES(899,'2017-02-26',68,30,53);
INSERT INTO "farmacias_shift" VALUES(900,'2017-02-27',58,44,19);
INSERT INTO "farmacias_shift" VALUES(901,'2017-02-28',50,69,51);
INSERT INTO "farmacias_shift" VALUES(902,'2017-03-01',56,13,49);
INSERT INTO "farmacias_shift" VALUES(903,'2017-03-02',11,26,47);
INSERT INTO "farmacias_shift" VALUES(904,'2017-03-03',77,36,23);
INSERT INTO "farmacias_shift" VALUES(905,'2017-03-04',64,46,34);
INSERT INTO "farmacias_shift" VALUES(906,'2017-03-05',43,4,67);
INSERT INTO "farmacias_shift" VALUES(907,'2017-03-06',48,79,38);
INSERT INTO "farmacias_shift" VALUES(908,'2017-03-07',12,32,62);
INSERT INTO "farmacias_shift" VALUES(909,'2017-03-08',66,24,25);
INSERT INTO "farmacias_shift" VALUES(910,'2017-03-09',37,74,71);
INSERT INTO "farmacias_shift" VALUES(911,'2017-03-10',35,14,2);
INSERT INTO "farmacias_shift" VALUES(912,'2017-03-11',18,7,70);
INSERT INTO "farmacias_shift" VALUES(913,'2017-03-12',1,8,63);
INSERT INTO "farmacias_shift" VALUES(914,'2017-03-13',9,28,22);
INSERT INTO "farmacias_shift" VALUES(915,'2017-03-14',40,6,5);
INSERT INTO "farmacias_shift" VALUES(916,'2017-03-15',41,75,27);
INSERT INTO "farmacias_shift" VALUES(917,'2017-03-16',3,31,42);
INSERT INTO "farmacias_shift" VALUES(918,'2017-03-17',16,78,73);
INSERT INTO "farmacias_shift" VALUES(919,'2017-03-18',53,30,68);
INSERT INTO "farmacias_shift" VALUES(920,'2017-03-19',19,44,58);
INSERT INTO "farmacias_shift" VALUES(921,'2017-03-20',51,69,50);
INSERT INTO "farmacias_shift" VALUES(922,'2017-03-21',49,13,56);
INSERT INTO "farmacias_shift" VALUES(923,'2017-03-22',47,26,11);
INSERT INTO "farmacias_shift" VALUES(924,'2017-03-23',54,17,20);
INSERT INTO "farmacias_shift" VALUES(925,'2017-03-24',34,64,46);
INSERT INTO "farmacias_shift" VALUES(926,'2017-03-25',67,43,4);
INSERT INTO "farmacias_shift" VALUES(927,'2017-03-26',38,48,79);
INSERT INTO "farmacias_shift" VALUES(928,'2017-03-27',62,12,32);
INSERT INTO "farmacias_shift" VALUES(929,'2017-03-28',25,66,24);
INSERT INTO "farmacias_shift" VALUES(930,'2017-03-29',71,37,74);
INSERT INTO "farmacias_shift" VALUES(931,'2017-03-30',2,35,14);
INSERT INTO "farmacias_shift" VALUES(932,'2017-03-31',70,18,7);
CREATE TABLE "farmacias_pharmacy" ("id" integer NOT NULL PRIMARY KEY AUTOINCREMENT, "name" varchar(200) NOT NULL, "phone" varchar(20) NOT NULL, "address" varchar(200) NOT NULL, "lat" decimal NOT NULL, "lng" decimal NOT NULL);
INSERT INTO "farmacias_pharmacy" VALUES(1,'16 horas','4430214-4421330','av.el libertador 206',-34.6184708,-68.3314013);
INSERT INTO "farmacias_pharmacy" VALUES(2,'9 de julio','4436999','av.9 de julio 980',-34.6238487,-68.3409219);
INSERT INTO "farmacias_pharmacy" VALUES(3,'abbona','4421238','av.mitre 112',-34.6168456,-68.3287386);
INSERT INTO "farmacias_pharmacy" VALUES(4,'adolfo calle','4439860','adolfo calle 1725',-34.5974365,-68.323998);
INSERT INTO "farmacias_pharmacy" VALUES(5,'alberdi','4437272','alberdi 219',-34.6267293,-6.83322946999999913941e+01);
INSERT INTO "farmacias_pharmacy" VALUES(6,'alem','154659995','alem 1320',-34.6036967,-68.3207824);
INSERT INTO "farmacias_pharmacy" VALUES(7,'almafuerte','4420441','av.alverdi 830',-34.6297801,-68.3231456);
INSERT INTO "farmacias_pharmacy" VALUES(8,'amanecer','4435552','av.roca y recabarren',-34.6221055,-68.3641117);
INSERT INTO "farmacias_pharmacy" VALUES(9,'andina','4421234','godoy cruz 76',-34.6162352,-68.3331152);
INSERT INTO "farmacias_pharmacy" VALUES(10,'ashard','4441485','ruta 143 y ejercito de los andes (rama caida)',-34.6661668,-68.3886981);
INSERT INTO "farmacias_pharmacy" VALUES(11,'atencio','4434960','av.moreno 976',-34.6041878,-68.3311763);
INSERT INTO "farmacias_pharmacy" VALUES(12,'avenida','4422200','av hipolito irigoyen 25',-34.6161369,-68.3306728);
INSERT INTO "farmacias_pharmacy" VALUES(13,'ballofet','4425930-4429872','av.balloffet 2612',-34.6352201,-68.3661312);
INSERT INTO "farmacias_pharmacy" VALUES(14,'ballofet 2','4423167','av.balloffet 1835',-34.6283734,-68.3578328);
INSERT INTO "farmacias_pharmacy" VALUES(15,'borda','4442240','sarmiento 258 - cuadro nacional',-34.6304324,-6.82796891999999928674e+01);
INSERT INTO "farmacias_pharmacy" VALUES(16,'buenos aires','4426622','buenos aires 147',-34.6129405,-68.3340577);
INSERT INTO "farmacias_pharmacy" VALUES(17,'cabildo','4423907','balloffet y cabildo',-34.6225595,-6.83507724999999908286e+01);
INSERT INTO "farmacias_pharmacy" VALUES(18,'cerioni','4422285','av.el libertador 417',-34.6210756,-68.3321527);
INSERT INTO "farmacias_pharmacy" VALUES(19,'ciudad','4422007','san martin y belgrano',-34.6131059,-68.3283861);
INSERT INTO "farmacias_pharmacy" VALUES(20,'constitucion','4424713','av.zapata 126',-3.46118096999999878002e+01,-68.3258639);
INSERT INTO "farmacias_pharmacy" VALUES(21,'coop. goudge','4492086','buenos aires 115 - goudge',-34.6795218,-6.8132064399999990199e+01);
INSERT INTO "farmacias_pharmacy" VALUES(22,'crisol','4421646','av. p.mendocinas 180',-34.6224571,-68.3184388);
INSERT INTO "farmacias_pharmacy" VALUES(23,'cristo rey','4433011','av. el libertador 1047',-34.627274,-68.335272);
INSERT INTO "farmacias_pharmacy" VALUES(24,'cruz del sur','4427995','alberdi 1174',-34.6315183,-68.3180375);
INSERT INTO "farmacias_pharmacy" VALUES(25,'del angel','4423271','av.el libertador 978',-34.626619,-6.83350610999999901178e+01);
INSERT INTO "farmacias_pharmacy" VALUES(26,'del carmen','4425593','av. h.irigoyen 1545',-34.6013704,-68.3210667);
INSERT INTO "farmacias_pharmacy" VALUES(27,'del nio','4434324','coronel suarez 1016',-34.6142495,-68.3399805);
INSERT INTO "farmacias_pharmacy" VALUES(28,'del pueblo','4434227','av. balloffet 1120',-34.622704,-68.350921);
INSERT INTO "farmacias_pharmacy" VALUES(29,'del sur','02625-470185','godoy cruz 207 - villa atuel',-34.8317962,-67.9229548);
INSERT INTO "farmacias_pharmacy" VALUES(30,'diamante','4424150','av. mitre 1402',-34.6229349,-68.3097889);
INSERT INTO "farmacias_pharmacy" VALUES(31,'difabio','4427112','sarmiento y lugones',-34.6229525,-68.3433975);
INSERT INTO "farmacias_pharmacy" VALUES(32,'el salto','4428733','av. pedro vargas 1739',-34.633338,-68.3414253);
INSERT INTO "farmacias_pharmacy" VALUES(33,'esencia','4445237','av. sarmiento 1403',-34.620286,-6.83512418999999908902e+01);
INSERT INTO "farmacias_pharmacy" VALUES(34,'espaa','4421175','mitre 724',-34.6195068,-6.8320072299999992536e+01);
INSERT INTO "farmacias_pharmacy" VALUES(35,'florida','4422453-4421976','av. h.irigoyen 288',-34.6136387,-68.3272295);
INSERT INTO "farmacias_pharmacy" VALUES(36,'gili','4428132','av. mitre 2114',-34.6264886,-68.2991483);
INSERT INTO "farmacias_pharmacy" VALUES(37,'gili centro','4422267','av. h.irigoyen 377',-34.6128512,-68.3267518);
INSERT INTO "farmacias_pharmacy" VALUES(38,'grisel','4428162','av.zapata 725',-34.6142412,-68.3174557);
INSERT INTO "farmacias_pharmacy" VALUES(39,'hispano argentina','4490034','buenos aires 75 - monte coman',-34.5936333,-6.78785602000000096731e+01);
INSERT INTO "farmacias_pharmacy" VALUES(40,'independencia','4423746','mitre y edison',-34.6178532,-68.3250111);
INSERT INTO "farmacias_pharmacy" VALUES(41,'la terminal','4421461','coronel suarez 120',-34.616591,-68.3320009);
INSERT INTO "farmacias_pharmacy" VALUES(42,'liseno','4422508','av.rivadavia 291',-34.6098351,-68.3309501);
INSERT INTO "farmacias_pharmacy" VALUES(43,'los andes','4427043','av.el libertador 329',-34.6201222,-6.83318836999999916752e+01);
INSERT INTO "farmacias_pharmacy" VALUES(44,'los sauces','4431707','cardonato y los sauces',-34.6304894,-68.3513724);
INSERT INTO "farmacias_pharmacy" VALUES(45,'lozano','','cdro benegas',-34.6392942,-6.84670120999999909372e+01);
INSERT INTO "farmacias_pharmacy" VALUES(46,'luz y vida','4438048','balloffet 863',-34.6207172,-68.3485442);
INSERT INTO "farmacias_pharmacy" VALUES(47,'marilyn','4422518-4437412','av. hipolito yrigoyen 7',-34.6163946,-68.3285388);
INSERT INTO "farmacias_pharmacy" VALUES(48,'mayo','4424012-4424050','irigoyen 458',-34.6142515,-68.3355782);
INSERT INTO "farmacias_pharmacy" VALUES(49,'mercantil','4421107-4425003','alem y olascoaga - 4292111',-34.615931,-68.326899);
INSERT INTO "farmacias_pharmacy" VALUES(50,'moreno','4425196','moreno y salta',-34.6069156,-68.3325357);
INSERT INTO "farmacias_pharmacy" VALUES(51,'muoz','4422197-4429576','av.h.irigoyen 522',-34.6112474,-68.3258476);
INSERT INTO "farmacias_pharmacy" VALUES(52,'nueva','4490021','la plata y francia m.coman',-34.5936238,-67.8798679);
INSERT INTO "farmacias_pharmacy" VALUES(53,'pellegrini','4424115','pellegrini 93',-34.6147524,-6.83306554999999917745e+01);
INSERT INTO "farmacias_pharmacy" VALUES(54,'plaza','4426612','corriente y gutierrez',-34.6171978,-6.83347730999999924961e+01);
INSERT INTO "farmacias_pharmacy" VALUES(55,'real','02625-491027','cordoba 60 - real del padre',-34.8427,-67.7689007);
INSERT INTO "farmacias_pharmacy" VALUES(56,'rivadavia','4436551','av.rivadavia y lavalle',-34.6072786,-68.3384398);
INSERT INTO "farmacias_pharmacy" VALUES(57,'san agustin','4495022','los andes 156 - vlla. 25 de mayo',-34.5856527,-68.5457268);
INSERT INTO "farmacias_pharmacy" VALUES(58,'san andres','4437096','av. balloffet 85',-34.6138955,-68.3401117);
INSERT INTO "farmacias_pharmacy" VALUES(59,'san camilo','02625-470207','belgrano 390 - villa atuel',-34.8343997,-67.9263091);
INSERT INTO "farmacias_pharmacy" VALUES(60,'san cayetano','4497072','ruta 143 - sto.de las rosas',-34.6128922,-68.3390622);
INSERT INTO "farmacias_pharmacy" VALUES(61,'san cayetano 2','4441366','ejercito delos andes 2750 - rama caida',-34.6661668,-68.3886981);
INSERT INTO "farmacias_pharmacy" VALUES(62,'san jose','4430874','independencia y e. civit',-34.6215101,-68.3268009);
INSERT INTO "farmacias_pharmacy" VALUES(63,'san juan','4434995','av. balloffet 199',-34.6148846,-68.3411627);
INSERT INTO "farmacias_pharmacy" VALUES(64,'san martin','4436699','francia 56',-34.614458,-68.3281739);
INSERT INTO "farmacias_pharmacy" VALUES(65,'san pablo','4497223','ruta 143 salto de las rosas',-34.6908328,-68.2586559);
INSERT INTO "farmacias_pharmacy" VALUES(66,'san rafael','4422117-4435811','avellaneda 119',-34.6169902,-68.3317565);
INSERT INTO "farmacias_pharmacy" VALUES(67,'san rafael 2','4421506','av. h.irigoyen 966',-34.6067424,-68.3237674);
INSERT INTO "farmacias_pharmacy" VALUES(68,'san rafael 3','4437357','av. sarmiento 47',-34.625836,-68.3353293);
INSERT INTO "farmacias_pharmacy" VALUES(69,'santa fe','4430535','av. balloffet 1412',-3.46247320000000087243e+01,-68.353655);
INSERT INTO "farmacias_pharmacy" VALUES(70,'santa maria','4445050','belgrano y dorrego',-34.6080449,-68.34317);
INSERT INTO "farmacias_pharmacy" VALUES(71,'sarmiento','4427997','av. sarmiento 298',-34.6251034,-68.3371552);
INSERT INTO "farmacias_pharmacy" VALUES(73,'schestakow','4422384','barcala 421',-34.6188773,-68.3251669);
INSERT INTO "farmacias_pharmacy" VALUES(74,'tacuari','4435933','independencia 1499',-34.6272211,-6.83099721999999900381e+01);
INSERT INTO "farmacias_pharmacy" VALUES(75,'urquiza','4439344','urquiza y adolfo calle',-34.6020023,-6.83268126999999907394e+01);
INSERT INTO "farmacias_pharmacy" VALUES(76,'yrigoyen','4424894','av. h.irigoyen 2565',-34.6013704,-68.3210667);
INSERT INTO "farmacias_pharmacy" VALUES(77,'zorrilla','4421178','avellaneda 87',-34.6166645,-6.83316318999999907637e+01);
INSERT INTO "farmacias_pharmacy" VALUES(78,'unimev','4434136','av. quiroga 1620',-34.6223394,-68.3544899);
INSERT INTO "farmacias_pharmacy" VALUES(79,'santa teresa','4428326','av. hiplito yrigoyen 2097',-34.6079849,-68.3542328);
DELETE FROM sqlite_sequence;
INSERT INTO "sqlite_sequence" VALUES('django_migrations',15);
INSERT INTO "sqlite_sequence" VALUES('django_admin_log',577);
INSERT INTO "sqlite_sequence" VALUES('django_content_type',8);
INSERT INTO "sqlite_sequence" VALUES('auth_permission',24);
INSERT INTO "sqlite_sequence" VALUES('auth_user',1);
INSERT INTO "sqlite_sequence" VALUES('farmacias_shift',932);
INSERT INTO "sqlite_sequence" VALUES('farmacias_pharmacy',79);
CREATE UNIQUE INDEX "auth_group_permissions_group_id_0cd325b0_uniq" ON "auth_group_permissions" ("group_id", "permission_id");
CREATE INDEX "auth_group_permissions_0e939a4f" ON "auth_group_permissions" ("group_id");
CREATE INDEX "auth_group_permissions_8373b171" ON "auth_group_permissions" ("permission_id");
CREATE UNIQUE INDEX "auth_user_groups_user_id_94350c0c_uniq" ON "auth_user_groups" ("user_id", "group_id");
CREATE INDEX "auth_user_groups_e8701ad4" ON "auth_user_groups" ("user_id");
CREATE INDEX "auth_user_groups_0e939a4f" ON "auth_user_groups" ("group_id");
CREATE UNIQUE INDEX "auth_user_user_permissions_user_id_14a6b632_uniq" ON "auth_user_user_permissions" ("user_id", "permission_id");
CREATE INDEX "auth_user_user_permissions_e8701ad4" ON "auth_user_user_permissions" ("user_id");
CREATE INDEX "auth_user_user_permissions_8373b171" ON "auth_user_user_permissions" ("permission_id");
CREATE INDEX "django_admin_log_417f1b1c" ON "django_admin_log" ("content_type_id");
CREATE INDEX "django_admin_log_e8701ad4" ON "django_admin_log" ("user_id");
CREATE UNIQUE INDEX "django_content_type_app_label_76bd3d3b_uniq" ON "django_content_type" ("app_label", "model");
CREATE UNIQUE INDEX "auth_permission_content_type_id_01ab375a_uniq" ON "auth_permission" ("content_type_id", "codename");
CREATE INDEX "auth_permission_417f1b1c" ON "auth_permission" ("content_type_id");
CREATE INDEX "django_session_de54fa62" ON "django_session" ("expire_date");
CREATE INDEX "farmacias_shift_7187e8b9" ON "farmacias_shift" ("all_night_1_id");
CREATE INDEX "farmacias_shift_84543832" ON "farmacias_shift" ("all_night_2_id");
CREATE INDEX "farmacias_shift_6611fd8f" ON "farmacias_shift" ("close_at_24_id");
COMMIT;
